<?xml version = '1.0' encoding = 'UTF-8'?>
<Diagram class="oracle.dbtools.crest.swingui.relational.DPVRelational" name="Relational_1" id="DE8CCAC7-2444-C941-5427-AE8483DDCD92">
<createdBy>hussainabuwala</createdBy>
<modifiedBy>hussainabuwala</modifiedBy>
<createdTime>2017-05-07 10:45:32 UTC</createdTime>
<autoRoute>false</autoRoute>
<boxInbox>true</boxInbox>
<showLegend>true</showLegend>
<showLabels>false</showLabels>
<showRelAttributes>false</showRelAttributes>
<gridEnabled>false</gridEnabled>
<showGrid>false</showGrid>
<diagramColor>-1</diagramColor>
<legendPosX>32</legendPosX>
<legendPosY>522</legendPosY>
<display>false</display>
<notation>1</notation>
<objectViews>
<OView class="oracle.dbtools.crest.swingui.relational.TVTable" oid="20255E34-5E01-3D8B-B845-626B83A63DA9" otype="Table" vid="932CEEEA-5CA0-AD01-2068-207008841C23">
<hideElementsInCurrentOnly>false</hideElementsInCurrentOnly>
<bounds x="21" y="360" width="170" height="110"/>
</OView>
<OView class="oracle.dbtools.crest.swingui.relational.TVTable" oid="205692C2-7113-9E80-309A-A599DC07082F" otype="Table" vid="CEB69A16-0D61-7D8E-E673-B1BC1A49799A">
<hideElementsInCurrentOnly>false</hideElementsInCurrentOnly>
<bounds x="332" y="12" width="171" height="110"/>
</OView>
<OView class="oracle.dbtools.crest.swingui.relational.TVTable" oid="39C13B0E-3CA9-65B1-580E-2631FC600B21" otype="Table" vid="E79759A5-1FC8-4826-5B0B-9DAD36C015C8">
<hideElementsInCurrentOnly>false</hideElementsInCurrentOnly>
<bounds x="933" y="193" width="170" height="110"/>
</OView>
<OView class="oracle.dbtools.crest.swingui.relational.TVTable" oid="3A609F98-F50E-A2CB-886A-E451C20371F4" otype="Table" vid="C44BFE97-A002-F59D-1AC0-64D5F2F6D670">
<hideElementsInCurrentOnly>false</hideElementsInCurrentOnly>
<bounds x="22" y="19" width="170" height="110"/>
</OView>
<OView class="oracle.dbtools.crest.swingui.relational.TVTable" oid="3AE040B2-EFF8-A814-543D-2A137D31D615" otype="Table" vid="0771C18E-1AB7-7A93-A997-799F2A8C57FA">
<hideElementsInCurrentOnly>false</hideElementsInCurrentOnly>
<bounds x="539" y="358" width="170" height="110"/>
</OView>
<OView class="oracle.dbtools.crest.swingui.relational.TVTable" oid="3C0D13E6-24E8-C715-1DF6-822D1E1F161C" otype="Table" vid="9FEAE1E9-99BB-CC3C-CDB1-986D45E1442C">
<hideElementsInCurrentOnly>false</hideElementsInCurrentOnly>
<bounds x="592" y="532" width="170" height="114"/>
</OView>
<OView class="oracle.dbtools.crest.swingui.relational.TVTable" oid="8D9A7883-C96B-80C9-126D-7389744F8F0F" otype="Table" vid="8D42FF59-8707-BC78-9161-172C7CE7333E">
<hideElementsInCurrentOnly>false</hideElementsInCurrentOnly>
<bounds x="677" y="198" width="170" height="110"/>
</OView>
<OView class="oracle.dbtools.crest.swingui.TVLegend" oid="901D8F6A-EAF4-BDBC-2279-AF58E0092D2E" otype="Legend" vid="9C7F75AA-BA57-12A7-CC2E-ACA3698DE8C5">
<hideElementsInCurrentOnly>false</hideElementsInCurrentOnly>
<bounds x="32" y="522" width="252" height="128"/>
</OView>
<OView class="oracle.dbtools.crest.swingui.relational.TVTable" oid="9CE4E901-6E03-6A93-BCB4-6F0B5F13B27D" otype="Table" vid="AF269F28-C991-306A-92A2-ED1E303AE116">
<hideElementsInCurrentOnly>false</hideElementsInCurrentOnly>
<bounds x="826" y="356" width="170" height="110"/>
</OView>
<OView class="oracle.dbtools.crest.swingui.relational.TVTable" oid="A6B46946-83B8-E170-5D4F-A26025B482A4" otype="Table" vid="EF328287-5A66-7CF8-1FA5-DD487F35D342">
<hideElementsInCurrentOnly>false</hideElementsInCurrentOnly>
<bounds x="389" y="197" width="170" height="110"/>
</OView>
<OView class="oracle.dbtools.crest.swingui.relational.TVTable" oid="B39F3BCA-9F0E-B9AF-84CC-ACC5B9245BE3" otype="Table" vid="3159B8A1-5BB1-0F68-1901-431A0F7ABDE2">
<hideElementsInCurrentOnly>false</hideElementsInCurrentOnly>
<bounds x="178" y="193" width="170" height="110"/>
</OView>
<OView class="oracle.dbtools.crest.swingui.relational.TVTable" oid="D281E241-0DE3-041C-2B0C-830705FDAB44" otype="Table" vid="8A401AD7-3590-001C-694E-02B0FF0E9FF7">
<hideElementsInCurrentOnly>false</hideElementsInCurrentOnly>
<bounds x="934" y="532" width="170" height="110"/>
</OView>
<OView class="oracle.dbtools.crest.swingui.relational.TVTable" oid="DC47DF70-1160-7B7A-2466-18C5697EDC29" otype="Table" vid="1999F169-D7F5-1231-B6BB-46D17C531E7B">
<hideElementsInCurrentOnly>false</hideElementsInCurrentOnly>
<bounds x="652" y="17" width="170" height="110"/>
</OView>
</objectViews>
<connectors>
<Connector class="oracle.dbtools.crest.swingui.relational.TVFKRelation" oid="14FF9416-EFF8-8D92-D3C1-0721245FBC6E" otype="FKIndexAssociation" vid_source="CEB69A16-0D61-7D8E-E673-B1BC1A49799A" vid_target="3159B8A1-5BB1-0F68-1901-431A0F7ABDE2">
<hideElementsInCurrentOnly>false</hideElementsInCurrentOnly>
<lineWidth>1</lineWidth>
<points>
<point x="340" y="122"/>
<point x="340" y="193"/>
</points>
</Connector>
<Connector class="oracle.dbtools.crest.swingui.relational.TVFKRelation" oid="179ECCD9-51DA-1DB2-9632-BFE6FAD93AF7" otype="FKIndexAssociation" vid_source="CEB69A16-0D61-7D8E-E673-B1BC1A49799A" vid_target="EF328287-5A66-7CF8-1FA5-DD487F35D342">
<hideElementsInCurrentOnly>false</hideElementsInCurrentOnly>
<lineWidth>1</lineWidth>
<points>
<point x="446" y="122"/>
<point x="446" y="197"/>
</points>
</Connector>
<Connector class="oracle.dbtools.crest.swingui.relational.TVFKRelation" oid="3EE95A9D-64FE-EFAF-DBC1-41A4FCB128AD" otype="FKIndexAssociation" vid_source="AF269F28-C991-306A-92A2-ED1E303AE116" vid_target="8A401AD7-3590-001C-694E-02B0FF0E9FF7">
<hideElementsInCurrentOnly>false</hideElementsInCurrentOnly>
<lineWidth>1</lineWidth>
<points>
<point x="965" y="466"/>
<point x="965" y="532"/>
</points>
</Connector>
<Connector class="oracle.dbtools.crest.swingui.relational.TVFKRelation" oid="5B858C50-E175-3736-2165-C9C8D40AF3D7" otype="FKIndexAssociation" vid_source="0771C18E-1AB7-7A93-A997-799F2A8C57FA" vid_target="9FEAE1E9-99BB-CC3C-CDB1-986D45E1442C">
<hideElementsInCurrentOnly>false</hideElementsInCurrentOnly>
<lineWidth>1</lineWidth>
<points>
<point x="650" y="468"/>
<point x="650" y="532"/>
</points>
</Connector>
<Connector class="oracle.dbtools.crest.swingui.relational.TVFKRelation" oid="5B89E4E7-9AC4-7050-2780-243357F40FDC" otype="FKIndexAssociation" vid_source="932CEEEA-5CA0-AD01-2068-207008841C23" vid_target="9FEAE1E9-99BB-CC3C-CDB1-986D45E1442C">
<hideElementsInCurrentOnly>false</hideElementsInCurrentOnly>
<lineWidth>1</lineWidth>
<points>
<point x="191" y="415"/>
<point x="592" y="589"/>
</points>
</Connector>
<Connector class="oracle.dbtools.crest.swingui.relational.TVFKRelation" oid="6AACB59A-1F46-9C31-9DD2-33383F4DDC65" otype="FKIndexAssociation" vid_source="C44BFE97-A002-F59D-1AC0-64D5F2F6D670" vid_target="932CEEEA-5CA0-AD01-2068-207008841C23">
<hideElementsInCurrentOnly>false</hideElementsInCurrentOnly>
<lineWidth>1</lineWidth>
<points>
<point x="106" y="129"/>
<point x="106" y="360"/>
</points>
</Connector>
<Connector class="oracle.dbtools.crest.swingui.relational.TVFKRelation" oid="81FA0141-544E-0FBA-6509-D12439910331" otype="FKIndexAssociation" vid_source="C44BFE97-A002-F59D-1AC0-64D5F2F6D670" vid_target="CEB69A16-0D61-7D8E-E673-B1BC1A49799A">
<hideElementsInCurrentOnly>false</hideElementsInCurrentOnly>
<lineWidth>1</lineWidth>
<points>
<point x="192" y="70"/>
<point x="332" y="70"/>
</points>
</Connector>
<Connector class="oracle.dbtools.crest.swingui.relational.TVFKRelation" oid="94C2018B-0273-2158-A759-18CC1AB19336" otype="FKIndexAssociation" vid_source="8A401AD7-3590-001C-694E-02B0FF0E9FF7" vid_target="9FEAE1E9-99BB-CC3C-CDB1-986D45E1442C">
<hideElementsInCurrentOnly>false</hideElementsInCurrentOnly>
<lineWidth>1</lineWidth>
<points>
<point x="934" y="587"/>
<point x="762" y="587"/>
</points>
</Connector>
<Connector class="oracle.dbtools.crest.swingui.relational.TVFKRelation" oid="A39F3C7D-96E6-DEAF-BBC5-C0AA095E7A9C" otype="FKIndexAssociation" vid_source="8D42FF59-8707-BC78-9161-172C7CE7333E" vid_target="0771C18E-1AB7-7A93-A997-799F2A8C57FA">
<hideElementsInCurrentOnly>false</hideElementsInCurrentOnly>
<lineWidth>1</lineWidth>
<points>
<point x="693" y="308"/>
<point x="693" y="358"/>
</points>
</Connector>
<Connector class="oracle.dbtools.crest.swingui.relational.TVFKRelation" oid="ABDEFF13-E520-93DD-70E2-CD466AE2E115" otype="FKIndexAssociation" vid_source="CEB69A16-0D61-7D8E-E673-B1BC1A49799A" vid_target="1999F169-D7F5-1231-B6BB-46D17C531E7B">
<hideElementsInCurrentOnly>false</hideElementsInCurrentOnly>
<lineWidth>1</lineWidth>
<points>
<point x="503" y="69"/>
<point x="652" y="69"/>
</points>
</Connector>
<Connector class="oracle.dbtools.crest.swingui.relational.TVFKRelation" oid="B8A8EF96-A5C2-7C14-4A43-E474EF1DFB17" otype="FKIndexAssociation" vid_source="932CEEEA-5CA0-AD01-2068-207008841C23" vid_target="0771C18E-1AB7-7A93-A997-799F2A8C57FA">
<hideElementsInCurrentOnly>false</hideElementsInCurrentOnly>
<lineWidth>1</lineWidth>
<points>
<point x="191" y="414"/>
<point x="539" y="414"/>
</points>
</Connector>
<Connector class="oracle.dbtools.crest.swingui.relational.TVFKRelation" oid="D83A510F-C4D2-2D59-488C-07FFB9066BFB" otype="FKIndexAssociation" vid_source="8D42FF59-8707-BC78-9161-172C7CE7333E" vid_target="9FEAE1E9-99BB-CC3C-CDB1-986D45E1442C">
<hideElementsInCurrentOnly>false</hideElementsInCurrentOnly>
<lineWidth>1</lineWidth>
<points>
<point x="719" y="308"/>
<point x="719" y="532"/>
</points>
</Connector>
<Connector class="oracle.dbtools.crest.swingui.relational.TVFKRelation" oid="DB969898-0C3F-C839-AB9D-A5C5CEC9C66B" otype="FKIndexAssociation" vid_source="AF269F28-C991-306A-92A2-ED1E303AE116" vid_target="8A401AD7-3590-001C-694E-02B0FF0E9FF7">
<hideElementsInCurrentOnly>false</hideElementsInCurrentOnly>
<lineWidth>1</lineWidth>
<points>
<point x="975" y="466"/>
<point x="975" y="532"/>
</points>
</Connector>
<Connector class="oracle.dbtools.crest.swingui.relational.TVFKRelation" oid="DBFEC497-ACDE-78DF-8C54-61D0C066B285" otype="FKIndexAssociation" vid_source="E79759A5-1FC8-4826-5B0B-9DAD36C015C8" vid_target="8A401AD7-3590-001C-694E-02B0FF0E9FF7">
<hideElementsInCurrentOnly>false</hideElementsInCurrentOnly>
<lineWidth>1</lineWidth>
<points>
<point x="1018" y="303"/>
<point x="1018" y="532"/>
</points>
</Connector>
<Connector class="oracle.dbtools.crest.swingui.relational.TVFKRelation" oid="DEC7A335-64C5-B5C7-3D97-13E40DBCD95A" otype="FKIndexAssociation" vid_source="8D42FF59-8707-BC78-9161-172C7CE7333E" vid_target="EF328287-5A66-7CF8-1FA5-DD487F35D342">
<hideElementsInCurrentOnly>false</hideElementsInCurrentOnly>
<lineWidth>1</lineWidth>
<points>
<point x="677" y="260"/>
<point x="559" y="260"/>
</points>
</Connector>
</connectors>
</Diagram>