<?xml version = '1.0' encoding = 'UTF-8'?>
<Relation class="oracle.dbtools.crest.model.design.logical.Relation" name="Relation_9" directorySegmentName="seg_0" id="07F2440C-76E5-2AEF-17EB-DCF4BBD30316">
<createdBy>hussainabuwala</createdBy>
<createdTime>2017-05-07 07:32:05 UTC</createdTime>
<ownerDesignName>assignment2_logical_model</ownerDesignName>
<engineerTo>
<item key="ECEBD248-99A8-25E0-DE6A-7C49BAA34EE4" value="true"/>
</engineerTo>
<sourcePk>65859DAB-4187-C7AF-C0BE-C7517D504589</sourcePk>
<identifying>false</identifying>
<nameOnSource>related</nameOnSource>
<nameOnTarget>has</nameOnTarget>
<optionalSource>true</optionalSource>
<optionalTarget>false</optionalTarget>
<sourceCardinality>1</sourceCardinality>
<sourceEntity>48080443-43F1-B3B1-45B4-6BFD4CA8F43C</sourceEntity>
<targetCardinalityString>*</targetCardinalityString>
<targetEntity>77A09AD7-A166-F2E9-FB03-B4FA9CA862BD</targetEntity>
<transferable>true</transferable>
</Relation>