<?xml version = '1.0' encoding = 'UTF-8'?>
<Relation class="oracle.dbtools.crest.model.design.logical.Relation" name="Relation_7" directorySegmentName="seg_0" id="1F21973A-6B3F-42F4-A642-FA293A6F0E81">
<createdBy>hussainabuwala</createdBy>
<createdTime>2017-05-07 07:28:42 UTC</createdTime>
<ownerDesignName>assignment2_logical_model</ownerDesignName>
<engineerTo>
<item key="ECEBD248-99A8-25E0-DE6A-7C49BAA34EE4" value="true"/>
</engineerTo>
<sourcePk>AFC8CC99-C1DD-2ADA-458E-0835A7E0D314</sourcePk>
<identifying>false</identifying>
<nameOnSource>has</nameOnSource>
<nameOnTarget>isin</nameOnTarget>
<optionalSource>false</optionalSource>
<optionalTarget>false</optionalTarget>
<sourceCardinality>1</sourceCardinality>
<sourceEntity>F69D0697-2811-0ACE-D48A-26B7DC402128</sourceEntity>
<targetCardinalityString>*</targetCardinalityString>
<targetEntity>9B9D4858-8EC7-45CF-6ABB-6FCE2DB7D337</targetEntity>
<transferable>true</transferable>
</Relation>