<?xml version = '1.0' encoding = 'UTF-8'?>
<Relation class="oracle.dbtools.crest.model.design.logical.Relation" name="Relation_11" directorySegmentName="seg_0" id="20824D3B-DCE9-5130-BC0F-0345C8D4776E">
<createdBy>hussainabuwala</createdBy>
<createdTime>2017-05-07 07:34:30 UTC</createdTime>
<ownerDesignName>assignment2_logical_model</ownerDesignName>
<engineerTo>
<item key="ECEBD248-99A8-25E0-DE6A-7C49BAA34EE4" value="true"/>
</engineerTo>
<sourcePk>0CB45086-04AC-6D26-904E-C23861E510AC</sourcePk>
<identifying>false</identifying>
<nameOnSource>sends</nameOnSource>
<nameOnTarget>relatedto</nameOnTarget>
<optionalSource>true</optionalSource>
<optionalTarget>false</optionalTarget>
<sourceCardinality>1</sourceCardinality>
<sourceEntity>77A09AD7-A166-F2E9-FB03-B4FA9CA862BD</sourceEntity>
<targetCardinalityString>*</targetCardinalityString>
<targetEntity>07465248-D524-0871-F9B3-8179901D3633</targetEntity>
<transferable>true</transferable>
</Relation>