<?xml version = '1.0' encoding = 'UTF-8'?>
<Relation class="oracle.dbtools.crest.model.design.logical.Relation" name="Relation_14" directorySegmentName="seg_0" id="2533145A-AF3C-CAA3-DE4B-2A66022F87B3">
<createdBy>hussainabuwala</createdBy>
<createdTime>2017-05-07 07:38:01 UTC</createdTime>
<ownerDesignName>assignment2_logical_model</ownerDesignName>
<engineerTo>
<item key="ECEBD248-99A8-25E0-DE6A-7C49BAA34EE4" value="true"/>
</engineerTo>
<sourcePk>9DAB2502-CD13-90C8-019F-2C06F5AE31C6</sourcePk>
<identifying>false</identifying>
<nameOnSource>in</nameOnSource>
<nameOnTarget>has</nameOnTarget>
<optionalSource>true</optionalSource>
<optionalTarget>false</optionalTarget>
<sourceCardinality>1</sourceCardinality>
<sourceEntity>B2F4637C-0715-F7A4-7BE6-BE8788003893</sourceEntity>
<targetCardinalityString>*</targetCardinalityString>
<targetEntity>6A451451-3E41-51EE-01AB-DC98E94AE351</targetEntity>
<transferable>true</transferable>
</Relation>