<?xml version = '1.0' encoding = 'UTF-8'?>
<Relation class="oracle.dbtools.crest.model.design.logical.Relation" name="Relation_8" directorySegmentName="seg_0" id="4129FCA9-B42F-75AF-83D8-345D88D4BB0B">
<createdBy>hussainabuwala</createdBy>
<createdTime>2017-05-07 07:30:14 UTC</createdTime>
<ownerDesignName>assignment2_logical_model</ownerDesignName>
<engineerTo>
<item key="ECEBD248-99A8-25E0-DE6A-7C49BAA34EE4" value="true"/>
</engineerTo>
<sourcePk>46385F35-0801-7DD9-F341-797716051D12</sourcePk>
<identifying>false</identifying>
<nameOnSource>has</nameOnSource>
<nameOnTarget>foundin</nameOnTarget>
<optionalSource>true</optionalSource>
<optionalTarget>false</optionalTarget>
<sourceCardinality>1</sourceCardinality>
<sourceEntity>9B9D4858-8EC7-45CF-6ABB-6FCE2DB7D337</sourceEntity>
<targetCardinalityString>*</targetCardinalityString>
<targetEntity>77A09AD7-A166-F2E9-FB03-B4FA9CA862BD</targetEntity>
<transferable>true</transferable>
</Relation>