<?xml version = '1.0' encoding = 'UTF-8'?>
<Relation class="oracle.dbtools.crest.model.design.logical.Relation" name="SIGNS" directorySegmentName="seg_0" id="618AB2C3-2735-6A48-641F-911E5159652C">
<createdBy>hussainabuwala</createdBy>
<createdTime>2017-05-07 07:09:27 UTC</createdTime>
<ownerDesignName>assignment2_logical_model</ownerDesignName>
<engineerTo>
<item key="ECEBD248-99A8-25E0-DE6A-7C49BAA34EE4" value="true"/>
</engineerTo>
<sourcePk>AFC8CC99-C1DD-2ADA-458E-0835A7E0D314</sourcePk>
<identifying>false</identifying>
<nameOnSource>signs</nameOnSource>
<nameOnTarget>has</nameOnTarget>
<optionalSource>false</optionalSource>
<optionalTarget>false</optionalTarget>
<sourceCardinality>1</sourceCardinality>
<sourceEntity>F69D0697-2811-0ACE-D48A-26B7DC402128</sourceEntity>
<targetCardinalityString>*</targetCardinalityString>
<targetEntity>AE42B457-0927-B014-6724-2F0A52DD896C</targetEntity>
<transferable>true</transferable>
</Relation>