<?xml version = '1.0' encoding = 'UTF-8'?>
<Relation class="oracle.dbtools.crest.model.design.logical.Relation" name="Relation_12" directorySegmentName="seg_0" id="7551E94E-5337-DFD3-2ABF-65060A1703B1">
<createdBy>hussainabuwala</createdBy>
<createdTime>2017-05-07 07:35:00 UTC</createdTime>
<ownerDesignName>assignment2_logical_model</ownerDesignName>
<engineerTo>
<item key="ECEBD248-99A8-25E0-DE6A-7C49BAA34EE4" value="true"/>
</engineerTo>
<sourcePk>65859DAB-4187-C7AF-C0BE-C7517D504589</sourcePk>
<identifying>false</identifying>
<nameOnSource>relatedto</nameOnSource>
<nameOnTarget>contains</nameOnTarget>
<optionalSource>true</optionalSource>
<optionalTarget>false</optionalTarget>
<sourceCardinality>1</sourceCardinality>
<sourceEntity>48080443-43F1-B3B1-45B4-6BFD4CA8F43C</sourceEntity>
<targetCardinalityString>*</targetCardinalityString>
<targetEntity>07465248-D524-0871-F9B3-8179901D3633</targetEntity>
<transferable>true</transferable>
</Relation>