<?xml version = '1.0' encoding = 'UTF-8'?>
<Relation class="oracle.dbtools.crest.model.design.logical.Relation" name="Relation_13" directorySegmentName="seg_0" id="912ED38E-B021-9E75-3101-333E5ADC747A">
<createdBy>hussainabuwala</createdBy>
<createdTime>2017-05-07 07:36:47 UTC</createdTime>
<ownerDesignName>assignment2_logical_model</ownerDesignName>
<engineerTo>
<item key="ECEBD248-99A8-25E0-DE6A-7C49BAA34EE4" value="true"/>
</engineerTo>
<sourcePk>44945093-AD34-BA25-3849-7BE4849C2166</sourcePk>
<identifying>false</identifying>
<nameOnSource>has</nameOnSource>
<nameOnTarget>in</nameOnTarget>
<optionalSource>false</optionalSource>
<optionalTarget>false</optionalTarget>
<sourceCardinality>1</sourceCardinality>
<sourceEntity>6A451451-3E41-51EE-01AB-DC98E94AE351</sourceEntity>
<targetCardinalityString>*</targetCardinalityString>
<targetEntity>07465248-D524-0871-F9B3-8179901D3633</targetEntity>
<transferable>true</transferable>
</Relation>