<?xml version = '1.0' encoding = 'UTF-8'?>
<Relation class="oracle.dbtools.crest.model.design.logical.Relation" name="Relation_6" directorySegmentName="seg_0" id="9B2EEDEC-F299-4ED1-E4A2-0150D3587843">
<createdBy>hussainabuwala</createdBy>
<createdTime>2017-05-07 07:26:49 UTC</createdTime>
<ownerDesignName>assignment2_logical_model</ownerDesignName>
<engineerTo>
<item key="ECEBD248-99A8-25E0-DE6A-7C49BAA34EE4" value="true"/>
</engineerTo>
<sourcePk>65859DAB-4187-C7AF-C0BE-C7517D504589</sourcePk>
<identifying>true</identifying>
<nameOnSource>relatedto</nameOnSource>
<nameOnTarget>has</nameOnTarget>
<optionalSource>true</optionalSource>
<optionalTarget>false</optionalTarget>
<sourceCardinality>1</sourceCardinality>
<sourceEntity>48080443-43F1-B3B1-45B4-6BFD4CA8F43C</sourceEntity>
<targetCardinalityString>*</targetCardinalityString>
<targetEntity>210521E9-2148-A0DF-A96B-410D5188A778</targetEntity>
<transferable>true</transferable>
</Relation>