<?xml version = '1.0' encoding = 'UTF-8'?>
<Relation class="oracle.dbtools.crest.model.design.logical.Relation" name="Relation_4" directorySegmentName="seg_0" id="C93C0264-073A-1366-293F-06ADA3AFEEA2">
<createdBy>hussainabuwala</createdBy>
<createdTime>2017-05-07 07:19:50 UTC</createdTime>
<ownerDesignName>assignment2_logical_model</ownerDesignName>
<engineerTo>
<item key="ECEBD248-99A8-25E0-DE6A-7C49BAA34EE4" value="true"/>
</engineerTo>
<sourcePk>333504E8-1FFB-B9D9-4F85-E98156BE3BF0</sourcePk>
<identifying>true</identifying>
<nameOnSource>has</nameOnSource>
<nameOnTarget>relatedto</nameOnTarget>
<optionalSource>false</optionalSource>
<optionalTarget>false</optionalTarget>
<sourceCardinality>1</sourceCardinality>
<sourceEntity>AE42B457-0927-B014-6724-2F0A52DD896C</sourceEntity>
<targetCardinalityString>*</targetCardinalityString>
<targetEntity>210521E9-2148-A0DF-A96B-410D5188A778</targetEntity>
<transferable>true</transferable>
</Relation>