<?xml version = '1.0' encoding = 'UTF-8'?>
<Relation class="oracle.dbtools.crest.model.design.logical.Relation" name="Relation_16" directorySegmentName="seg_0" id="E958ADAD-98E1-748C-CFD2-CED9F0D73EAB">
<createdBy>hussainabuwala</createdBy>
<createdTime>2017-05-07 07:46:26 UTC</createdTime>
<ownerDesignName>assignment2_logical_model</ownerDesignName>
<engineerTo>
<item key="ECEBD248-99A8-25E0-DE6A-7C49BAA34EE4" value="true"/>
</engineerTo>
<sourcePk>FAE45070-08A5-3C1F-79A0-3C4CCDE0FEB2</sourcePk>
<identifying>false</identifying>
<nameOnSource>partof</nameOnSource>
<nameOnTarget>has</nameOnTarget>
<optionalSource>true</optionalSource>
<optionalTarget>false</optionalTarget>
<sourceCardinality>1</sourceCardinality>
<sourceEntity>F535DED8-9A47-3BB1-0DA1-84E8F6702200</sourceEntity>
<targetCardinalityString>*</targetCardinalityString>
<targetEntity>6A451451-3E41-51EE-01AB-DC98E94AE351</targetEntity>
<transferable>true</transferable>
</Relation>