<?xml version = '1.0' encoding = 'UTF-8'?>
<Relation class="oracle.dbtools.crest.model.design.logical.Relation" name="madeinto" directorySegmentName="seg_0" id="EA056071-E496-626B-9E10-802CE5937C09">
<createdBy>hussainabuwala</createdBy>
<createdTime>2017-05-07 07:15:26 UTC</createdTime>
<ownerDesignName>assignment2_logical_model</ownerDesignName>
<engineerTo>
<item key="ECEBD248-99A8-25E0-DE6A-7C49BAA34EE4" value="true"/>
</engineerTo>
<sourcePk>333504E8-1FFB-B9D9-4F85-E98156BE3BF0</sourcePk>
<identifying>false</identifying>
<nameOnSource>madeinto</nameOnSource>
<nameOnTarget>relatedto</nameOnTarget>
<optionalSource>true</optionalSource>
<optionalTarget>false</optionalTarget>
<sourceCardinality>1</sourceCardinality>
<sourceEntity>AE42B457-0927-B014-6724-2F0A52DD896C</sourceEntity>
<targetCardinalityString>*</targetCardinalityString>
<targetEntity>9CC9B8D4-5251-699A-B9AC-F2178175B3F2</targetEntity>
<transferable>true</transferable>
</Relation>