<?xml version = '1.0' encoding = 'UTF-8'?>
<Relation class="oracle.dbtools.crest.model.design.logical.Relation" name="Relation_10" directorySegmentName="seg_0" id="EA0897A8-EBB2-2058-3B05-93EE18187063">
<createdBy>hussainabuwala</createdBy>
<createdTime>2017-05-07 07:33:38 UTC</createdTime>
<ownerDesignName>assignment2_logical_model</ownerDesignName>
<engineerTo>
<item key="ECEBD248-99A8-25E0-DE6A-7C49BAA34EE4" value="true"/>
</engineerTo>
<sourcePk>46385F35-0801-7DD9-F341-797716051D12</sourcePk>
<identifying>false</identifying>
<nameOnSource>send</nameOnSource>
<nameOnTarget>attachedto</nameOnTarget>
<optionalSource>true</optionalSource>
<optionalTarget>false</optionalTarget>
<sourceCardinality>1</sourceCardinality>
<sourceEntity>9B9D4858-8EC7-45CF-6ABB-6FCE2DB7D337</sourceEntity>
<targetCardinalityString>*</targetCardinalityString>
<targetEntity>07465248-D524-0871-F9B3-8179901D3633</targetEntity>
<transferable>true</transferable>
</Relation>