<?xml version = '1.0' encoding = 'UTF-8'?>
<FKIndexAssociation class="oracle.dbtools.crest.model.design.relational.FKIndexAssociation" directorySegmentName="seg_0" id="0A05D05A-33CD-077C-2FA0-658A1B9E8378" containerWithKeyObject="F75609D2-9E3D-85EB-F8D7-BE97130077D2" localFKIndex="EE1793C4-8DE2-0ABB-25F8-99559BD5FE0E" name="BIN_REQUEST_PROPERTY_FK">
<createdBy>hussainabuwala</createdBy>
<createdTime>2017-05-07 08:37:19 UTC</createdTime>
<generatorID>EA0897A8-EBB2-2058-3B05-93EE18187063</generatorID>
<ownerDesignName>assignment2_logical_model</ownerDesignName>
<deleteRule>NO ACTION</deleteRule>
<referredTableID>2D7B5CF6-56EC-1196-4E1E-5CBFF2CE58B5</referredTableID>
<keyObject>A3074038-E362-76AA-E7A9-4D2BF8A3F9B4</keyObject>
<referredKeyID>A3074038-E362-76AA-E7A9-4D2BF8A3F9B4</referredKeyID>
<mandatory>true</mandatory>
<transferable>true</transferable>
<rely>false</rely>
<columnDependencyConstraintGenerateInDDL>true</columnDependencyConstraintGenerateInDDL>
</FKIndexAssociation>