<?xml version = '1.0' encoding = 'UTF-8'?>
<FKIndexAssociation class="oracle.dbtools.crest.model.design.relational.FKIndexAssociation" directorySegmentName="seg_0" id="11C952BF-93D9-7DDF-9012-DE5BE3D4415E" containerWithKeyObject="F6462468-F35D-1675-F043-124FBB16A415" localFKIndex="1795FA66-BD3D-E81B-AC49-BF4E31B9088A" name="BIN_PROPERTY_FK">
<createdBy>hussainabuwala</createdBy>
<createdTime>2017-05-07 08:37:19 UTC</createdTime>
<generatorID>4129FCA9-B42F-75AF-83D8-345D88D4BB0B</generatorID>
<ownerDesignName>assignment2_logical_model</ownerDesignName>
<deleteRule>NO ACTION</deleteRule>
<referredTableID>2D7B5CF6-56EC-1196-4E1E-5CBFF2CE58B5</referredTableID>
<keyObject>A3074038-E362-76AA-E7A9-4D2BF8A3F9B4</keyObject>
<referredKeyID>A3074038-E362-76AA-E7A9-4D2BF8A3F9B4</referredKeyID>
<mandatory>true</mandatory>
<transferable>true</transferable>
<rely>false</rely>
<columnDependencyConstraintGenerateInDDL>true</columnDependencyConstraintGenerateInDDL>
</FKIndexAssociation>