<?xml version = '1.0' encoding = 'UTF-8'?>
<FKIndexAssociation class="oracle.dbtools.crest.model.design.relational.FKIndexAssociation" directorySegmentName="seg_0" id="1BE4BC15-DFB6-8DC1-23F0-3AD4F383DB85" containerWithKeyObject="2D7B5CF6-56EC-1196-4E1E-5CBFF2CE58B5" localFKIndex="5D64C663-3628-538D-69EF-3F243C933251" name="PROPERTY_COUNCIL_FK">
<createdBy>hussainabuwala</createdBy>
<createdTime>2017-05-07 08:37:19 UTC</createdTime>
<generatorID>1F21973A-6B3F-42F4-A642-FA293A6F0E81</generatorID>
<ownerDesignName>assignment2_logical_model</ownerDesignName>
<deleteRule>NO ACTION</deleteRule>
<referredTableID>DCF7B825-F20A-9F4C-49FD-F62DBB0C5828</referredTableID>
<keyObject>579A3931-945A-72D8-C153-FEDC55106230</keyObject>
<referredKeyID>579A3931-945A-72D8-C153-FEDC55106230</referredKeyID>
<mandatory>true</mandatory>
<transferable>true</transferable>
<rely>false</rely>
<columnDependencyConstraintGenerateInDDL>true</columnDependencyConstraintGenerateInDDL>
</FKIndexAssociation>