<?xml version = '1.0' encoding = 'UTF-8'?>
<FKIndexAssociation class="oracle.dbtools.crest.model.design.relational.FKIndexAssociation" directorySegmentName="seg_0" id="1FEB0AD3-1503-E0A0-1019-1021076897A6" containerWithKeyObject="3D797E55-FA19-79EF-4508-0F3F6D913E06" localFKIndex="1670F991-BA67-8564-DB25-F22D0A8B685E" name="SCHEDULE_DRIVER_FK">
<createdBy>hussainabuwala</createdBy>
<createdTime>2017-05-07 08:37:19 UTC</createdTime>
<generatorID>14028D20-A6B1-DB4F-7104-7A7FCB8EB972</generatorID>
<ownerDesignName>assignment2_logical_model</ownerDesignName>
<deleteRule>NO ACTION</deleteRule>
<referredTableID>CE2F8394-355F-FF4C-FC5E-A2568F39561F</referredTableID>
<keyObject>6CB5C275-A719-1C37-5D24-AF0C0EE50776</keyObject>
<referredKeyID>6CB5C275-A719-1C37-5D24-AF0C0EE50776</referredKeyID>
<mandatory>true</mandatory>
<transferable>true</transferable>
<rely>false</rely>
<columnDependencyConstraintGenerateInDDL>true</columnDependencyConstraintGenerateInDDL>
</FKIndexAssociation>