<?xml version = '1.0' encoding = 'UTF-8'?>
<FKIndexAssociation class="oracle.dbtools.crest.model.design.relational.FKIndexAssociation" directorySegmentName="seg_0" id="2D1464A5-A272-F1EB-979E-60BA13B7F884" containerWithKeyObject="7DADD339-442D-8E8F-B0FA-29A7C49AEECA" localFKIndex="A42B50BC-58D4-ACD8-FA3A-FE3CF62025B5" name="CONTRACT_COUNCIL_FK">
<createdBy>hussainabuwala</createdBy>
<createdTime>2017-05-07 08:37:19 UTC</createdTime>
<generatorID>618AB2C3-2735-6A48-641F-911E5159652C</generatorID>
<ownerDesignName>assignment2_logical_model</ownerDesignName>
<deleteRule>NO ACTION</deleteRule>
<referredTableID>DCF7B825-F20A-9F4C-49FD-F62DBB0C5828</referredTableID>
<keyObject>579A3931-945A-72D8-C153-FEDC55106230</keyObject>
<referredKeyID>579A3931-945A-72D8-C153-FEDC55106230</referredKeyID>
<mandatory>true</mandatory>
<transferable>true</transferable>
<rely>false</rely>
<columnDependencyConstraintGenerateInDDL>true</columnDependencyConstraintGenerateInDDL>
</FKIndexAssociation>