<?xml version = '1.0' encoding = 'UTF-8'?>
<FKIndexAssociation class="oracle.dbtools.crest.model.design.relational.FKIndexAssociation" directorySegmentName="seg_0" id="6878E54A-D1BF-7D07-55F5-24ED03056EF3" containerWithKeyObject="F75609D2-9E3D-85EB-F8D7-BE97130077D2" localFKIndex="CDB83D82-A484-EF8C-5EA9-2F642B112DB5" name="BIN_REQUEST_SCHEDULE_FK">
<createdBy>hussainabuwala</createdBy>
<createdTime>2017-05-07 08:37:19 UTC</createdTime>
<generatorID>912ED38E-B021-9E75-3101-333E5ADC747A</generatorID>
<ownerDesignName>assignment2_logical_model</ownerDesignName>
<deleteRule>NO ACTION</deleteRule>
<referredTableID>3D797E55-FA19-79EF-4508-0F3F6D913E06</referredTableID>
<keyObject>863519B6-BB82-7A27-6CBE-0C79666E090B</keyObject>
<referredKeyID>863519B6-BB82-7A27-6CBE-0C79666E090B</referredKeyID>
<mandatory>true</mandatory>
<transferable>true</transferable>
<rely>false</rely>
<columnDependencyConstraintGenerateInDDL>true</columnDependencyConstraintGenerateInDDL>
</FKIndexAssociation>