<?xml version = '1.0' encoding = 'UTF-8'?>
<FKIndexAssociation class="oracle.dbtools.crest.model.design.relational.FKIndexAssociation" directorySegmentName="seg_0" id="7953818F-BB0E-8EE1-9726-7EA748E17858" containerWithKeyObject="89C464D8-D97E-5BFA-C2E8-84CB8FEAF6EC" localFKIndex="EA68F477-EDFE-995D-4317-67770C358A6A" name="BIN_CONTRACT_CONTRACT_FK">
<createdBy>hussainabuwala</createdBy>
<createdTime>2017-05-07 08:37:19 UTC</createdTime>
<generatorID>C93C0264-073A-1366-293F-06ADA3AFEEA2</generatorID>
<ownerDesignName>assignment2_logical_model</ownerDesignName>
<deleteRule>NO ACTION</deleteRule>
<referredTableID>7DADD339-442D-8E8F-B0FA-29A7C49AEECA</referredTableID>
<keyObject>E69D63EB-C45E-E5C4-740B-79D047793503</keyObject>
<referredKeyID>E69D63EB-C45E-E5C4-740B-79D047793503</referredKeyID>
<mandatory>true</mandatory>
<transferable>true</transferable>
<rely>false</rely>
<columnDependencyConstraintGenerateInDDL>true</columnDependencyConstraintGenerateInDDL>
</FKIndexAssociation>