<?xml version = '1.0' encoding = 'UTF-8'?>
<FKIndexAssociation class="oracle.dbtools.crest.model.design.relational.FKIndexAssociation" directorySegmentName="seg_0" id="88E65EFD-3C7B-75F1-8B40-636B80587DE5" containerWithKeyObject="387D7C1B-8D1F-5C8B-F386-E67BFCAA975F" localFKIndex="30D4C34F-B188-E426-8C68-5114D3181DF3" name="COLL_CONTRACT_FK">
<createdBy>hussainabuwala</createdBy>
<createdTime>2017-05-07 08:37:19 UTC</createdTime>
<generatorID>2E45BFBE-5755-616B-F85B-A55480C2FBF5</generatorID>
<ownerDesignName>assignment2_logical_model</ownerDesignName>
<deleteRule>NO ACTION</deleteRule>
<referredTableID>7DADD339-442D-8E8F-B0FA-29A7C49AEECA</referredTableID>
<keyObject>E69D63EB-C45E-E5C4-740B-79D047793503</keyObject>
<referredKeyID>E69D63EB-C45E-E5C4-740B-79D047793503</referredKeyID>
<mandatory>true</mandatory>
<transferable>true</transferable>
<rely>false</rely>
<columnDependencyConstraintGenerateInDDL>true</columnDependencyConstraintGenerateInDDL>
</FKIndexAssociation>