<?xml version = '1.0' encoding = 'UTF-8'?>
<FKIndexAssociation class="oracle.dbtools.crest.model.design.relational.FKIndexAssociation" directorySegmentName="seg_0" id="8B318CF4-3CBA-7372-226B-EA9E8B7689BD" containerWithKeyObject="F6462468-F35D-1675-F043-124FBB16A415" localFKIndex="56546ACB-2E57-C9B4-E222-1CD337CDB8CF" name="BIN_BIN_TYPE_FK">
<createdBy>hussainabuwala</createdBy>
<createdTime>2017-05-07 08:37:19 UTC</createdTime>
<generatorID>07F2440C-76E5-2AEF-17EB-DCF4BBD30316</generatorID>
<ownerDesignName>assignment2_logical_model</ownerDesignName>
<deleteRule>NO ACTION</deleteRule>
<referredTableID>703B3580-D8E2-3DCF-80EE-752CF9C4F399</referredTableID>
<keyObject>8F73AB16-8D81-F626-8887-C71499C62667</keyObject>
<referredKeyID>8F73AB16-8D81-F626-8887-C71499C62667</referredKeyID>
<mandatory>true</mandatory>
<transferable>true</transferable>
<rely>false</rely>
<columnDependencyConstraintGenerateInDDL>true</columnDependencyConstraintGenerateInDDL>
</FKIndexAssociation>