<?xml version = '1.0' encoding = 'UTF-8'?>
<FKIndexAssociation class="oracle.dbtools.crest.model.design.relational.FKIndexAssociation" directorySegmentName="seg_0" id="8BD1259E-A0EC-FA39-8A45-9CE60DC71854" containerWithKeyObject="3D797E55-FA19-79EF-4508-0F3F6D913E06" localFKIndex="5DDFC3D4-769C-6B42-7922-AC6B26DF8B90" name="SCHEDULE_TRUCK_FK">
<createdBy>hussainabuwala</createdBy>
<createdTime>2017-05-07 08:37:19 UTC</createdTime>
<generatorID>2533145A-AF3C-CAA3-DE4B-2A66022F87B3</generatorID>
<ownerDesignName>assignment2_logical_model</ownerDesignName>
<deleteRule>NO ACTION</deleteRule>
<referredTableID>7EF464CF-3587-F62E-B6B4-73A728582C82</referredTableID>
<keyObject>8FE8910E-56C3-5247-0F04-A2BC3AE90F73</keyObject>
<referredKeyID>8FE8910E-56C3-5247-0F04-A2BC3AE90F73</referredKeyID>
<mandatory>true</mandatory>
<transferable>true</transferable>
<rely>false</rely>
<columnDependencyConstraintGenerateInDDL>true</columnDependencyConstraintGenerateInDDL>
</FKIndexAssociation>