<?xml version = '1.0' encoding = 'UTF-8'?>
<FKIndexAssociation class="oracle.dbtools.crest.model.design.relational.FKIndexAssociation" directorySegmentName="seg_0" id="8E48F9F7-FBBF-90E0-FE97-54E384CEB87B" containerWithKeyObject="A3335968-4A5D-F12C-1212-53FF478A5D65" localFKIndex="15FAE5F8-A897-4D6E-DE9C-34FC71E04AD6" name="INVOICE_CONTRACT_FK">
<createdBy>hussainabuwala</createdBy>
<createdTime>2017-05-07 08:37:19 UTC</createdTime>
<generatorID>EA056071-E496-626B-9E10-802CE5937C09</generatorID>
<ownerDesignName>assignment2_logical_model</ownerDesignName>
<deleteRule>NO ACTION</deleteRule>
<referredTableID>7DADD339-442D-8E8F-B0FA-29A7C49AEECA</referredTableID>
<keyObject>E69D63EB-C45E-E5C4-740B-79D047793503</keyObject>
<referredKeyID>E69D63EB-C45E-E5C4-740B-79D047793503</referredKeyID>
<mandatory>true</mandatory>
<transferable>true</transferable>
<rely>false</rely>
<columnDependencyConstraintGenerateInDDL>true</columnDependencyConstraintGenerateInDDL>
</FKIndexAssociation>