<?xml version = '1.0' encoding = 'UTF-8'?>
<FKIndexAssociation class="oracle.dbtools.crest.model.design.relational.FKIndexAssociation" directorySegmentName="seg_0" id="A1B42B3C-FB56-4B82-695A-12D20C264DF4" containerWithKeyObject="F75609D2-9E3D-85EB-F8D7-BE97130077D2" localFKIndex="EB20344B-8428-BC17-B84B-074421F346AE" name="BIN_REQUEST_BIN_TYPE_FK">
<createdBy>hussainabuwala</createdBy>
<createdTime>2017-05-07 08:37:19 UTC</createdTime>
<generatorID>7551E94E-5337-DFD3-2ABF-65060A1703B1</generatorID>
<ownerDesignName>assignment2_logical_model</ownerDesignName>
<deleteRule>NO ACTION</deleteRule>
<referredTableID>703B3580-D8E2-3DCF-80EE-752CF9C4F399</referredTableID>
<keyObject>8F73AB16-8D81-F626-8887-C71499C62667</keyObject>
<referredKeyID>8F73AB16-8D81-F626-8887-C71499C62667</referredKeyID>
<mandatory>true</mandatory>
<transferable>true</transferable>
<rely>false</rely>
<columnDependencyConstraintGenerateInDDL>true</columnDependencyConstraintGenerateInDDL>
</FKIndexAssociation>