<?xml version = '1.0' encoding = 'UTF-8'?>
<FKIndexAssociation class="oracle.dbtools.crest.model.design.relational.FKIndexAssociation" directorySegmentName="seg_0" id="B02A074D-3590-9299-6A36-CBF1159144FC" containerWithKeyObject="3D797E55-FA19-79EF-4508-0F3F6D913E06" localFKIndex="929D3848-F48A-0F78-85A5-66A710F8D498" name="SCHEDULE_DRIVER_FKv2">
<createdBy>hussainabuwala</createdBy>
<createdTime>2017-05-07 08:37:19 UTC</createdTime>
<generatorID>E958ADAD-98E1-748C-CFD2-CED9F0D73EAB</generatorID>
<ownerDesignName>assignment2_logical_model</ownerDesignName>
<deleteRule>NO ACTION</deleteRule>
<referredTableID>CE2F8394-355F-FF4C-FC5E-A2568F39561F</referredTableID>
<keyObject>6CB5C275-A719-1C37-5D24-AF0C0EE50776</keyObject>
<referredKeyID>6CB5C275-A719-1C37-5D24-AF0C0EE50776</referredKeyID>
<mandatory>true</mandatory>
<transferable>true</transferable>
<rely>false</rely>
<columnDependencyConstraintGenerateInDDL>true</columnDependencyConstraintGenerateInDDL>
</FKIndexAssociation>