<?xml version = '1.0' encoding = 'UTF-8'?>
<FKIndexAssociation class="oracle.dbtools.crest.model.design.relational.FKIndexAssociation" directorySegmentName="seg_0" id="B0E42308-2462-ADB8-50AA-9B452BC3866C" containerWithKeyObject="89C464D8-D97E-5BFA-C2E8-84CB8FEAF6EC" localFKIndex="45CED2C2-6081-9E4D-C7ED-6FCB0BC44970" name="BIN_CONTRACT_BIN_TYPE_FK">
<createdBy>hussainabuwala</createdBy>
<createdTime>2017-05-07 08:37:19 UTC</createdTime>
<generatorID>9B2EEDEC-F299-4ED1-E4A2-0150D3587843</generatorID>
<ownerDesignName>assignment2_logical_model</ownerDesignName>
<deleteRule>NO ACTION</deleteRule>
<referredTableID>703B3580-D8E2-3DCF-80EE-752CF9C4F399</referredTableID>
<keyObject>8F73AB16-8D81-F626-8887-C71499C62667</keyObject>
<referredKeyID>8F73AB16-8D81-F626-8887-C71499C62667</referredKeyID>
<mandatory>true</mandatory>
<transferable>true</transferable>
<rely>false</rely>
<columnDependencyConstraintGenerateInDDL>true</columnDependencyConstraintGenerateInDDL>
</FKIndexAssociation>