<?xml version = '1.0' encoding = 'UTF-8'?>
<FKIndexAssociation class="oracle.dbtools.crest.model.design.relational.FKIndexAssociation" directorySegmentName="seg_0" id="BBD4DA72-683A-9AB7-EAA9-48FFF3EA0AA4" containerWithKeyObject="F75609D2-9E3D-85EB-F8D7-BE97130077D2" localFKIndex="0711B758-3F38-3624-0D3C-8623194DABB8" name="BIN_REQUEST_BIN_FK">
<createdBy>hussainabuwala</createdBy>
<createdTime>2017-05-07 08:37:19 UTC</createdTime>
<generatorID>20824D3B-DCE9-5130-BC0F-0345C8D4776E</generatorID>
<ownerDesignName>assignment2_logical_model</ownerDesignName>
<deleteRule>NO ACTION</deleteRule>
<referredTableID>F6462468-F35D-1675-F043-124FBB16A415</referredTableID>
<keyObject>5C061B7D-176E-BBA7-9952-E4DEAE2F714E</keyObject>
<referredKeyID>5C061B7D-176E-BBA7-9952-E4DEAE2F714E</referredKeyID>
<mandatory>true</mandatory>
<transferable>true</transferable>
<rely>false</rely>
<columnDependencyConstraintGenerateInDDL>true</columnDependencyConstraintGenerateInDDL>
</FKIndexAssociation>