<?xml version = '1.0' encoding = 'UTF-8'?>
<Diagram class="oracle.dbtools.crest.swingui.relational.DPVRelational" name="Relational_1" id="C558FBAD-D596-DFC8-719B-61D634AA847E">
<createdBy>hussainabuwala</createdBy>
<modifiedBy>hussainabuwala</modifiedBy>
<createdTime>2017-05-07 08:37:19 UTC</createdTime>
<autoRoute>false</autoRoute>
<boxInbox>true</boxInbox>
<showLegend>true</showLegend>
<showLabels>false</showLabels>
<showRelAttributes>false</showRelAttributes>
<gridEnabled>false</gridEnabled>
<showGrid>false</showGrid>
<diagramColor>-1</diagramColor>
<legendPosX>22</legendPosX>
<legendPosY>502</legendPosY>
<display>false</display>
<notation>1</notation>
<objectViews>
<OView class="oracle.dbtools.crest.swingui.relational.TVTable" oid="2D7B5CF6-56EC-1196-4E1E-5CBFF2CE58B5" otype="Table" vid="E1636D4C-23DA-29F3-C364-A6AE4D4F5936">
<hideElementsInCurrentOnly>false</hideElementsInCurrentOnly>
<bounds x="21" y="360" width="170" height="110"/>
</OView>
<OView class="oracle.dbtools.crest.swingui.relational.TVTable" oid="387D7C1B-8D1F-5C8B-F386-E67BFCAA975F" otype="Table" vid="5367039F-2056-41CD-6FE5-56D32A922674">
<hideElementsInCurrentOnly>false</hideElementsInCurrentOnly>
<bounds x="178" y="193" width="170" height="110"/>
</OView>
<OView class="oracle.dbtools.crest.swingui.relational.TVTable" oid="3D797E55-FA19-79EF-4508-0F3F6D913E06" otype="Table" vid="64E99F8F-899F-8100-3E09-500D7B6DDC79">
<hideElementsInCurrentOnly>false</hideElementsInCurrentOnly>
<bounds x="934" y="532" width="170" height="110"/>
</OView>
<OView class="oracle.dbtools.crest.swingui.relational.TVTable" oid="703B3580-D8E2-3DCF-80EE-752CF9C4F399" otype="Table" vid="9657D0F9-2975-D9F3-D5ED-DEB1221274CF">
<hideElementsInCurrentOnly>false</hideElementsInCurrentOnly>
<bounds x="677" y="198" width="170" height="110"/>
</OView>
<OView class="oracle.dbtools.crest.swingui.relational.TVTable" oid="7DADD339-442D-8E8F-B0FA-29A7C49AEECA" otype="Table" vid="F7E76231-051A-D4D0-F7C7-650C92A4477B">
<hideElementsInCurrentOnly>false</hideElementsInCurrentOnly>
<bounds x="332" y="12" width="171" height="110"/>
</OView>
<OView class="oracle.dbtools.crest.swingui.relational.TVTable" oid="7EF464CF-3587-F62E-B6B4-73A728582C82" otype="Table" vid="36987335-530D-B59F-F702-BE40D2570DE5">
<hideElementsInCurrentOnly>false</hideElementsInCurrentOnly>
<bounds x="933" y="193" width="170" height="110"/>
</OView>
<OView class="oracle.dbtools.crest.swingui.relational.TVTable" oid="89C464D8-D97E-5BFA-C2E8-84CB8FEAF6EC" otype="Table" vid="1BC0C294-B8A1-9434-F1C1-2871400111F7">
<hideElementsInCurrentOnly>false</hideElementsInCurrentOnly>
<bounds x="389" y="197" width="170" height="110"/>
</OView>
<OView class="oracle.dbtools.crest.swingui.relational.TVTable" oid="A3335968-4A5D-F12C-1212-53FF478A5D65" otype="Table" vid="36BBB857-495D-2819-98A3-8B3121C0349E">
<hideElementsInCurrentOnly>false</hideElementsInCurrentOnly>
<bounds x="652" y="17" width="170" height="110"/>
</OView>
<OView class="oracle.dbtools.crest.swingui.relational.TVTable" oid="CE2F8394-355F-FF4C-FC5E-A2568F39561F" otype="Table" vid="E6C31DF3-1BD4-8A4A-3794-0E4294764251">
<hideElementsInCurrentOnly>false</hideElementsInCurrentOnly>
<bounds x="826" y="356" width="170" height="110"/>
</OView>
<OView class="oracle.dbtools.crest.swingui.relational.TVTable" oid="DCF7B825-F20A-9F4C-49FD-F62DBB0C5828" otype="Table" vid="48FE33AD-7430-C87E-9EBA-AAAB9E706A12">
<hideElementsInCurrentOnly>false</hideElementsInCurrentOnly>
<bounds x="22" y="19" width="170" height="110"/>
</OView>
<OView class="oracle.dbtools.crest.swingui.TVLegend" oid="DF4681D4-71B9-4973-253D-323FC4288E3F" otype="Legend" vid="5B075B03-36F3-12C4-9398-2668BD5BD6B2">
<hideElementsInCurrentOnly>false</hideElementsInCurrentOnly>
<bounds x="22" y="502" width="252" height="128"/>
</OView>
<OView class="oracle.dbtools.crest.swingui.relational.TVTable" oid="F6462468-F35D-1675-F043-124FBB16A415" otype="Table" vid="2EB28210-5648-D7E5-91D9-E84BE64DEE87">
<hideElementsInCurrentOnly>false</hideElementsInCurrentOnly>
<bounds x="539" y="358" width="170" height="110"/>
</OView>
<OView class="oracle.dbtools.crest.swingui.relational.TVTable" oid="F75609D2-9E3D-85EB-F8D7-BE97130077D2" otype="Table" vid="1778B340-FEE4-2FD9-544A-EBB4080A78DA">
<hideElementsInCurrentOnly>false</hideElementsInCurrentOnly>
<bounds x="592" y="532" width="170" height="114"/>
</OView>
</objectViews>
<connectors>
<Connector class="oracle.dbtools.crest.swingui.relational.TVFKRelation" oid="0A05D05A-33CD-077C-2FA0-658A1B9E8378" otype="FKIndexAssociation" vid_source="E1636D4C-23DA-29F3-C364-A6AE4D4F5936" vid_target="1778B340-FEE4-2FD9-544A-EBB4080A78DA">
<hideElementsInCurrentOnly>false</hideElementsInCurrentOnly>
<lineWidth>1</lineWidth>
<points>
<point x="191" y="415"/>
<point x="592" y="589"/>
</points>
</Connector>
<Connector class="oracle.dbtools.crest.swingui.relational.TVFKRelation" oid="11C952BF-93D9-7DDF-9012-DE5BE3D4415E" otype="FKIndexAssociation" vid_source="E1636D4C-23DA-29F3-C364-A6AE4D4F5936" vid_target="2EB28210-5648-D7E5-91D9-E84BE64DEE87">
<hideElementsInCurrentOnly>false</hideElementsInCurrentOnly>
<lineWidth>1</lineWidth>
<points>
<point x="191" y="414"/>
<point x="539" y="414"/>
</points>
</Connector>
<Connector class="oracle.dbtools.crest.swingui.relational.TVFKRelation" oid="1BE4BC15-DFB6-8DC1-23F0-3AD4F383DB85" otype="FKIndexAssociation" vid_source="48FE33AD-7430-C87E-9EBA-AAAB9E706A12" vid_target="E1636D4C-23DA-29F3-C364-A6AE4D4F5936">
<hideElementsInCurrentOnly>false</hideElementsInCurrentOnly>
<lineWidth>1</lineWidth>
<points>
<point x="106" y="129"/>
<point x="106" y="360"/>
</points>
</Connector>
<Connector class="oracle.dbtools.crest.swingui.relational.TVFKRelation" oid="1FEB0AD3-1503-E0A0-1019-1021076897A6" otype="FKIndexAssociation" vid_source="E6C31DF3-1BD4-8A4A-3794-0E4294764251" vid_target="64E99F8F-899F-8100-3E09-500D7B6DDC79">
<hideElementsInCurrentOnly>false</hideElementsInCurrentOnly>
<lineWidth>1</lineWidth>
<points>
<point x="965" y="466"/>
<point x="965" y="532"/>
</points>
</Connector>
<Connector class="oracle.dbtools.crest.swingui.relational.TVFKRelation" oid="2D1464A5-A272-F1EB-979E-60BA13B7F884" otype="FKIndexAssociation" vid_source="48FE33AD-7430-C87E-9EBA-AAAB9E706A12" vid_target="F7E76231-051A-D4D0-F7C7-650C92A4477B">
<hideElementsInCurrentOnly>false</hideElementsInCurrentOnly>
<lineWidth>1</lineWidth>
<points>
<point x="192" y="70"/>
<point x="332" y="70"/>
</points>
</Connector>
<Connector class="oracle.dbtools.crest.swingui.relational.TVFKRelation" oid="6878E54A-D1BF-7D07-55F5-24ED03056EF3" otype="FKIndexAssociation" vid_source="64E99F8F-899F-8100-3E09-500D7B6DDC79" vid_target="1778B340-FEE4-2FD9-544A-EBB4080A78DA">
<hideElementsInCurrentOnly>false</hideElementsInCurrentOnly>
<lineWidth>1</lineWidth>
<points>
<point x="934" y="587"/>
<point x="762" y="587"/>
</points>
</Connector>
<Connector class="oracle.dbtools.crest.swingui.relational.TVFKRelation" oid="7953818F-BB0E-8EE1-9726-7EA748E17858" otype="FKIndexAssociation" vid_source="F7E76231-051A-D4D0-F7C7-650C92A4477B" vid_target="1BC0C294-B8A1-9434-F1C1-2871400111F7">
<hideElementsInCurrentOnly>false</hideElementsInCurrentOnly>
<lineWidth>1</lineWidth>
<points>
<point x="446" y="122"/>
<point x="446" y="197"/>
</points>
</Connector>
<Connector class="oracle.dbtools.crest.swingui.relational.TVFKRelation" oid="88E65EFD-3C7B-75F1-8B40-636B80587DE5" otype="FKIndexAssociation" vid_source="F7E76231-051A-D4D0-F7C7-650C92A4477B" vid_target="5367039F-2056-41CD-6FE5-56D32A922674">
<hideElementsInCurrentOnly>false</hideElementsInCurrentOnly>
<lineWidth>1</lineWidth>
<points>
<point x="340" y="122"/>
<point x="340" y="193"/>
</points>
</Connector>
<Connector class="oracle.dbtools.crest.swingui.relational.TVFKRelation" oid="8B318CF4-3CBA-7372-226B-EA9E8B7689BD" otype="FKIndexAssociation" vid_source="9657D0F9-2975-D9F3-D5ED-DEB1221274CF" vid_target="2EB28210-5648-D7E5-91D9-E84BE64DEE87">
<hideElementsInCurrentOnly>false</hideElementsInCurrentOnly>
<lineWidth>1</lineWidth>
<points>
<point x="693" y="308"/>
<point x="693" y="358"/>
</points>
</Connector>
<Connector class="oracle.dbtools.crest.swingui.relational.TVFKRelation" oid="8BD1259E-A0EC-FA39-8A45-9CE60DC71854" otype="FKIndexAssociation" vid_source="36987335-530D-B59F-F702-BE40D2570DE5" vid_target="64E99F8F-899F-8100-3E09-500D7B6DDC79">
<hideElementsInCurrentOnly>false</hideElementsInCurrentOnly>
<lineWidth>1</lineWidth>
<points>
<point x="1018" y="303"/>
<point x="1018" y="532"/>
</points>
</Connector>
<Connector class="oracle.dbtools.crest.swingui.relational.TVFKRelation" oid="8E48F9F7-FBBF-90E0-FE97-54E384CEB87B" otype="FKIndexAssociation" vid_source="F7E76231-051A-D4D0-F7C7-650C92A4477B" vid_target="36BBB857-495D-2819-98A3-8B3121C0349E">
<hideElementsInCurrentOnly>false</hideElementsInCurrentOnly>
<lineWidth>1</lineWidth>
<points>
<point x="503" y="69"/>
<point x="652" y="69"/>
</points>
</Connector>
<Connector class="oracle.dbtools.crest.swingui.relational.TVFKRelation" oid="A1B42B3C-FB56-4B82-695A-12D20C264DF4" otype="FKIndexAssociation" vid_source="9657D0F9-2975-D9F3-D5ED-DEB1221274CF" vid_target="1778B340-FEE4-2FD9-544A-EBB4080A78DA">
<hideElementsInCurrentOnly>false</hideElementsInCurrentOnly>
<lineWidth>1</lineWidth>
<points>
<point x="719" y="308"/>
<point x="719" y="532"/>
</points>
</Connector>
<Connector class="oracle.dbtools.crest.swingui.relational.TVFKRelation" oid="B02A074D-3590-9299-6A36-CBF1159144FC" otype="FKIndexAssociation" vid_source="E6C31DF3-1BD4-8A4A-3794-0E4294764251" vid_target="64E99F8F-899F-8100-3E09-500D7B6DDC79">
<hideElementsInCurrentOnly>false</hideElementsInCurrentOnly>
<lineWidth>1</lineWidth>
<points>
<point x="975" y="466"/>
<point x="975" y="532"/>
</points>
</Connector>
<Connector class="oracle.dbtools.crest.swingui.relational.TVFKRelation" oid="B0E42308-2462-ADB8-50AA-9B452BC3866C" otype="FKIndexAssociation" vid_source="9657D0F9-2975-D9F3-D5ED-DEB1221274CF" vid_target="1BC0C294-B8A1-9434-F1C1-2871400111F7">
<hideElementsInCurrentOnly>false</hideElementsInCurrentOnly>
<lineWidth>1</lineWidth>
<points>
<point x="677" y="260"/>
<point x="559" y="260"/>
</points>
</Connector>
<Connector class="oracle.dbtools.crest.swingui.relational.TVFKRelation" oid="BBD4DA72-683A-9AB7-EAA9-48FFF3EA0AA4" otype="FKIndexAssociation" vid_source="2EB28210-5648-D7E5-91D9-E84BE64DEE87" vid_target="1778B340-FEE4-2FD9-544A-EBB4080A78DA">
<hideElementsInCurrentOnly>false</hideElementsInCurrentOnly>
<lineWidth>1</lineWidth>
<points>
<point x="650" y="468"/>
<point x="650" y="532"/>
</points>
</Connector>
</connectors>
</Diagram>