<?xml version = '1.0' encoding = 'UTF-8'?>
<Table class="oracle.dbtools.crest.model.design.relational.Table" directorySegmentName="seg_0" id="205692C2-7113-9E80-309A-A599DC07082F" name="CONTRACT">
<createdBy>hussainabuwala</createdBy>
<createdTime>2017-05-07 10:45:43 UTC</createdTime>
<generatorID>AE42B457-0927-B014-6724-2F0A52DD896C</generatorID>
<ownerDesignName>assignment2_logical_model</ownerDesignName>
<allowColumnReorder>false</allowColumnReorder>
<existDependencyGenerateInDDl>true</existDependencyGenerateInDDl>
<parsed>true</parsed>
<columns itemClass="oracle.dbtools.crest.model.design.relational.Column">
<Column name="contract_no" id="753DAC4B-81FE-F6E2-9ED9-0ECA624CB429">
<createdBy>hussainabuwala</createdBy>
<createdTime>2017-05-07 10:45:43 UTC</createdTime>
<comment>This is the primary key. each contract is identified using its contract number.</comment>
<generatorID>2DD98154-BDEF-CA46-73B0-6FAADC6164DF</generatorID>
<ownerDesignName>assignment2_logical_model</ownerDesignName>
<useDomainConstraints>false</useDomainConstraints>
<use>1</use>
<logicalDatatype>LOGDT019</logicalDatatype>
<dataTypePrecision>7</dataTypePrecision>
<ownDataTypeParameters>,7,</ownDataTypeParameters>
<autoIncrementColumn>true</autoIncrementColumn>
<autoIncrementCycle>false</autoIncrementCycle>
<autoIncrementGenerateTrigger>false</autoIncrementGenerateTrigger>
</Column>
<Column name="contract_start_date" id="F1C5D256-674C-2215-2ACF-392DB4257C20">
<createdBy>hussainabuwala</createdBy>
<createdTime>2017-05-07 10:45:43 UTC</createdTime>
<comment>Start date of the contract</comment>
<generatorID>92A62269-E715-0A1B-0E4E-88491268713B</generatorID>
<ownerDesignName>assignment2_logical_model</ownerDesignName>
<constraintName>chk_strt_date</constraintName>
<useDomainConstraints>false</useDomainConstraints>
<use>1</use>
<logicalDatatype>LOGDT007</logicalDatatype>
<checkConstraint>
<implementationDef dbType="Oracle Database 11g" definition="(contract_start_date &lt; contract_end_date)"/>
</checkConstraint>
<ownDataTypeParameters>,,</ownDataTypeParameters>
<autoIncrementCycle>false</autoIncrementCycle>
</Column>
<Column name="contract_end_date" id="FB835CDB-250D-65E2-24B2-67E8448C6F2A">
<createdBy>hussainabuwala</createdBy>
<createdTime>2017-05-07 10:45:43 UTC</createdTime>
<comment>end date of contract</comment>
<generatorID>B1367B97-6242-5F64-A027-1C6FDFB43101</generatorID>
<ownerDesignName>assignment2_logical_model</ownerDesignName>
<useDomainConstraints>false</useDomainConstraints>
<use>1</use>
<logicalDatatype>LOGDT007</logicalDatatype>
<ownDataTypeParameters>,,</ownDataTypeParameters>
<autoIncrementCycle>false</autoIncrementCycle>
</Column>
<Column name="COUNCIL_council_name" id="676C362C-3A78-26BC-B3E6-65AA96F9DC1B">
<createdBy>hussainabuwala</createdBy>
<createdTime>2017-05-07 10:45:43 UTC</createdTime>
<comment>This is the name of the council</comment>
<generatorID>347CECDE-699E-B5CD-1536-41AA55CB6BE7</generatorID>
<ownerDesignName>assignment2_logical_model</ownerDesignName>
<useDomainConstraints>false</useDomainConstraints>
<use>1</use>
<logicalDatatype>LOGDT024</logicalDatatype>
<dataTypeSize>50</dataTypeSize>
<ownDataTypeParameters>50,,</ownDataTypeParameters>
<previousColumn>false</previousColumn>
<autoIncrementCycle>false</autoIncrementCycle>
<associations>
<colAssociation fkAssociation="81FA0141-544E-0FBA-6509-D12439910331" referredColumn="FF7841AB-8A69-E2BB-83B6-AF0ADF38FE9C"/>
</associations>
</Column>
</columns>
<indexes itemClass="oracle.dbtools.crest.model.design.relational.Index">
<ind_PK_UK id="E811CEDF-7526-7A6E-7174-0040F5EA8B4F" name="CONTRACT_PK">
<createdBy>hussainabuwala</createdBy>
<createdTime>2017-05-07 10:45:43 UTC</createdTime>
<generatorID>333504E8-1FFB-B9D9-4F85-E98156BE3BF0</generatorID>
<ownerDesignName>assignment2_logical_model</ownerDesignName>
<pk>true</pk>
<indexState>Primary Constraint</indexState>
<isSurrogateKey>false</isSurrogateKey>
<indexColumnUsage>
<colUsage columnID="753DAC4B-81FE-F6E2-9ED9-0ECA624CB429"/>
</indexColumnUsage>
</ind_PK_UK>
<ind_PK_UK id="6669BE9E-6BD3-93E7-F695-29524469F485" name="CONTRACT_COUNCIL_FK">
<createdBy>hussainabuwala</createdBy>
<createdTime>2017-05-07 10:45:43 UTC</createdTime>
<generatorID>618AB2C3-2735-6A48-641F-911E5159652C</generatorID>
<ownerDesignName>assignment2_logical_model</ownerDesignName>
<indexState>Foreign Key</indexState>
<isSurrogateKey>false</isSurrogateKey>
<indexColumnUsage>
<colUsage columnID="676C362C-3A78-26BC-B3E6-65AA96F9DC1B"/>
</indexColumnUsage>
</ind_PK_UK>
</indexes>
</Table>