<?xml version = '1.0' encoding = 'UTF-8'?>
<Table class="oracle.dbtools.crest.model.design.relational.Table" directorySegmentName="seg_0" id="3AE040B2-EFF8-A814-543D-2A137D31D615" name="BIN">
<createdBy>hussainabuwala</createdBy>
<createdTime>2017-05-07 10:45:43 UTC</createdTime>
<generatorID>77A09AD7-A166-F2E9-FB03-B4FA9CA862BD</generatorID>
<ownerDesignName>assignment2_logical_model</ownerDesignName>
<allowColumnReorder>false</allowColumnReorder>
<existDependencyGenerateInDDl>true</existDependencyGenerateInDDl>
<parsed>true</parsed>
<columns itemClass="oracle.dbtools.crest.model.design.relational.Column">
<Column name="bin_id" id="6D21D223-8551-DADD-73B2-D8403BCD2501">
<createdBy>hussainabuwala</createdBy>
<createdTime>2017-05-07 10:45:43 UTC</createdTime>
<comment>id which uniquely identifies a bin</comment>
<generatorID>33075DF7-2ED0-8777-86F5-D82D14A4B5A0</generatorID>
<ownerDesignName>assignment2_logical_model</ownerDesignName>
<useDomainConstraints>false</useDomainConstraints>
<use>1</use>
<logicalDatatype>LOGDT019</logicalDatatype>
<dataTypePrecision>7</dataTypePrecision>
<ownDataTypeParameters>,7,</ownDataTypeParameters>
<autoIncrementColumn>true</autoIncrementColumn>
<autoIncrementCycle>false</autoIncrementCycle>
<autoIncrementGenerateTrigger>false</autoIncrementGenerateTrigger>
</Column>
<Column name="PROPERTY_property_id" id="377E72DE-30CA-D260-F9E3-59624FB1ADA1">
<createdBy>hussainabuwala</createdBy>
<createdTime>2017-05-07 10:45:43 UTC</createdTime>
<comment>id which uniquely identifies a property</comment>
<generatorID>69811767-DB23-E9DC-58B6-49C38D8528D9</generatorID>
<ownerDesignName>assignment2_logical_model</ownerDesignName>
<useDomainConstraints>false</useDomainConstraints>
<use>1</use>
<logicalDatatype>LOGDT019</logicalDatatype>
<dataTypePrecision>7</dataTypePrecision>
<ownDataTypeParameters>,7,</ownDataTypeParameters>
<previousColumn>false</previousColumn>
<autoIncrementCycle>false</autoIncrementCycle>
<associations>
<colAssociation fkAssociation="B8A8EF96-A5C2-7C14-4A43-E474EF1DFB17" referredColumn="563263CD-81AE-6E73-10EA-6DE36B355B24"/>
</associations>
</Column>
<Column name="BIN_TYPE_bin_type" id="9F28797C-1FA0-4915-E921-20780049D33B">
<createdBy>hussainabuwala</createdBy>
<createdTime>2017-05-07 10:45:43 UTC</createdTime>
<comment>type of bin</comment>
<generatorID>FE420808-CE8A-4B08-E04C-6787832AA054</generatorID>
<ownerDesignName>assignment2_logical_model</ownerDesignName>
<useDomainConstraints>false</useDomainConstraints>
<use>1</use>
<logicalDatatype>LOGDT024</logicalDatatype>
<dataTypeSize>50</dataTypeSize>
<ownDataTypeParameters>,,</ownDataTypeParameters>
<previousColumn>false</previousColumn>
<autoIncrementCycle>false</autoIncrementCycle>
<associations>
<colAssociation fkAssociation="A39F3C7D-96E6-DEAF-BBC5-C0AA095E7A9C" referredColumn="B16D5C33-BF07-59BF-17D7-F61E8CD20006"/>
</associations>
</Column>
<Column name="BIN_TYPE_volum_bin" id="C46B752A-D2FA-0633-3C91-D9A2624EA4A6">
<createdBy>hussainabuwala</createdBy>
<createdTime>2017-05-07 10:45:43 UTC</createdTime>
<comment>volum of the bin</comment>
<generatorID>72AF28A1-0DA0-7847-7222-9E9EA3361EDB</generatorID>
<ownerDesignName>assignment2_logical_model</ownerDesignName>
<useDomainConstraints>false</useDomainConstraints>
<use>1</use>
<logicalDatatype>LOGDT019</logicalDatatype>
<dataTypePrecision>7</dataTypePrecision>
<ownDataTypeParameters>,7,</ownDataTypeParameters>
<previousColumn>false</previousColumn>
<autoIncrementCycle>false</autoIncrementCycle>
<associations>
<colAssociation fkAssociation="A39F3C7D-96E6-DEAF-BBC5-C0AA095E7A9C" referredColumn="E030BDFE-69EE-359F-F38A-86ADBADB9D00"/>
</associations>
</Column>
</columns>
<indexes itemClass="oracle.dbtools.crest.model.design.relational.Index">
<ind_PK_UK id="58E78DDA-424F-C765-1564-013F4E616424" name="BIN_PK">
<createdBy>hussainabuwala</createdBy>
<createdTime>2017-05-07 10:45:43 UTC</createdTime>
<generatorID>0CB45086-04AC-6D26-904E-C23861E510AC</generatorID>
<ownerDesignName>assignment2_logical_model</ownerDesignName>
<pk>true</pk>
<indexState>Primary Constraint</indexState>
<isSurrogateKey>false</isSurrogateKey>
<indexColumnUsage>
<colUsage columnID="6D21D223-8551-DADD-73B2-D8403BCD2501"/>
</indexColumnUsage>
</ind_PK_UK>
<ind_PK_UK id="7244268C-CC2A-3CFD-1E54-B9C04641844A" name="BIN_PROPERTY_FK">
<createdBy>hussainabuwala</createdBy>
<createdTime>2017-05-07 10:45:43 UTC</createdTime>
<generatorID>4129FCA9-B42F-75AF-83D8-345D88D4BB0B</generatorID>
<ownerDesignName>assignment2_logical_model</ownerDesignName>
<indexState>Foreign Key</indexState>
<isSurrogateKey>false</isSurrogateKey>
<indexColumnUsage>
<colUsage columnID="377E72DE-30CA-D260-F9E3-59624FB1ADA1"/>
</indexColumnUsage>
</ind_PK_UK>
<ind_PK_UK id="15FF874D-EE39-7A00-A44A-B6DAB2EF8000" name="BIN_BIN_TYPE_FK">
<createdBy>hussainabuwala</createdBy>
<createdTime>2017-05-07 10:45:43 UTC</createdTime>
<generatorID>07F2440C-76E5-2AEF-17EB-DCF4BBD30316</generatorID>
<ownerDesignName>assignment2_logical_model</ownerDesignName>
<indexState>Foreign Key</indexState>
<isSurrogateKey>false</isSurrogateKey>
<indexColumnUsage>
<colUsage columnID="9F28797C-1FA0-4915-E921-20780049D33B"/>
<colUsage columnID="C46B752A-D2FA-0633-3C91-D9A2624EA4A6"/>
</indexColumnUsage>
</ind_PK_UK>
</indexes>
</Table>