<?xml version = '1.0' encoding = 'UTF-8'?>
<Table class="oracle.dbtools.crest.model.design.relational.Table" directorySegmentName="seg_0" id="3C0D13E6-24E8-C715-1DF6-822D1E1F161C" name="BIN_REQUEST">
<createdBy>hussainabuwala</createdBy>
<createdTime>2017-05-07 10:45:43 UTC</createdTime>
<generatorID>07465248-D524-0871-F9B3-8179901D3633</generatorID>
<ownerDesignName>assignment2_logical_model</ownerDesignName>
<allowColumnReorder>false</allowColumnReorder>
<existDependencyGenerateInDDl>true</existDependencyGenerateInDDl>
<parsed>true</parsed>
<columns itemClass="oracle.dbtools.crest.model.design.relational.Column">
<Column name="request_id" id="261B076B-7D05-ADED-4C0B-25833C24AD23">
<createdBy>hussainabuwala</createdBy>
<createdTime>2017-05-07 10:45:43 UTC</createdTime>
<comment>id which identifies a specific request</comment>
<generatorID>982F2E8B-A298-55DE-3E2F-BFCD83347EA0</generatorID>
<ownerDesignName>assignment2_logical_model</ownerDesignName>
<useDomainConstraints>false</useDomainConstraints>
<use>1</use>
<logicalDatatype>LOGDT019</logicalDatatype>
<dataTypePrecision>7</dataTypePrecision>
<ownDataTypeParameters>,7,</ownDataTypeParameters>
<autoIncrementColumn>true</autoIncrementColumn>
<autoIncrementCycle>false</autoIncrementCycle>
<autoIncrementGenerateTrigger>false</autoIncrementGenerateTrigger>
</Column>
<Column name="request_type" id="D2FD4F6F-A8A5-56A1-8D3A-BED7F4AE0B27">
<createdBy>hussainabuwala</createdBy>
<createdTime>2017-05-07 10:45:43 UTC</createdTime>
<comment>type of request</comment>
<generatorID>13A9B866-292C-4F0E-8126-0EF7E426896C</generatorID>
<ownerDesignName>assignment2_logical_model</ownerDesignName>
<useDomainConstraints>false</useDomainConstraints>
<use>1</use>
<logicalDatatype>LOGDT024</logicalDatatype>
<dataTypeSize>50</dataTypeSize>
<ownDataTypeParameters>50,,</ownDataTypeParameters>
<autoIncrementCycle>false</autoIncrementCycle>
</Column>
<Column name="PROPERTY_property_id" id="F3093A9F-DF6E-5E38-CC4C-56EEA4D139C2">
<createdBy>hussainabuwala</createdBy>
<createdTime>2017-05-07 10:45:43 UTC</createdTime>
<comment>id which uniquely identifies a property</comment>
<generatorID>F58D6981-3293-D919-6D03-E5EE8C4EA850</generatorID>
<ownerDesignName>assignment2_logical_model</ownerDesignName>
<useDomainConstraints>false</useDomainConstraints>
<use>1</use>
<logicalDatatype>LOGDT019</logicalDatatype>
<dataTypePrecision>7</dataTypePrecision>
<ownDataTypeParameters>,7,</ownDataTypeParameters>
<previousColumn>false</previousColumn>
<autoIncrementCycle>false</autoIncrementCycle>
<associations>
<colAssociation fkAssociation="5B89E4E7-9AC4-7050-2780-243357F40FDC" referredColumn="563263CD-81AE-6E73-10EA-6DE36B355B24"/>
</associations>
</Column>
<Column name="BIN_bin_id" id="D7EF3280-AD0F-E336-7C37-F6C08713A5CE">
<createdBy>hussainabuwala</createdBy>
<createdTime>2017-05-07 10:45:43 UTC</createdTime>
<comment>id which uniquely identifies a bin</comment>
<generatorID>2FCED7AF-A836-A7FD-B1A7-608B9CBE3BFB</generatorID>
<ownerDesignName>assignment2_logical_model</ownerDesignName>
<useDomainConstraints>false</useDomainConstraints>
<use>1</use>
<logicalDatatype>LOGDT019</logicalDatatype>
<dataTypePrecision>7</dataTypePrecision>
<ownDataTypeParameters>,7,</ownDataTypeParameters>
<previousColumn>false</previousColumn>
<autoIncrementCycle>false</autoIncrementCycle>
<associations>
<colAssociation fkAssociation="5B858C50-E175-3736-2165-C9C8D40AF3D7" referredColumn="6D21D223-8551-DADD-73B2-D8403BCD2501"/>
</associations>
</Column>
<Column name="BIN_TYPE_bin_type" id="7AB9F729-C4AB-994D-1EBA-9CB685BA32DE">
<createdBy>hussainabuwala</createdBy>
<createdTime>2017-05-07 10:45:43 UTC</createdTime>
<comment>type of bin</comment>
<generatorID>A9B1B1A1-0B2D-8B5E-7609-17BF05DC208A</generatorID>
<ownerDesignName>assignment2_logical_model</ownerDesignName>
<useDomainConstraints>false</useDomainConstraints>
<use>1</use>
<logicalDatatype>LOGDT024</logicalDatatype>
<dataTypeSize>50</dataTypeSize>
<ownDataTypeParameters>,,</ownDataTypeParameters>
<previousColumn>false</previousColumn>
<autoIncrementCycle>false</autoIncrementCycle>
<associations>
<colAssociation fkAssociation="D83A510F-C4D2-2D59-488C-07FFB9066BFB" referredColumn="B16D5C33-BF07-59BF-17D7-F61E8CD20006"/>
</associations>
</Column>
<Column name="BIN_TYPE_volum_bin" id="0357EBE7-844E-C7F5-FEE7-64713586A66E">
<createdBy>hussainabuwala</createdBy>
<createdTime>2017-05-07 10:45:43 UTC</createdTime>
<comment>volum of the bin</comment>
<generatorID>B0677D17-EE37-47D4-FBF0-B2192B7A579B</generatorID>
<ownerDesignName>assignment2_logical_model</ownerDesignName>
<useDomainConstraints>false</useDomainConstraints>
<use>1</use>
<logicalDatatype>LOGDT019</logicalDatatype>
<dataTypePrecision>7</dataTypePrecision>
<ownDataTypeParameters>,7,</ownDataTypeParameters>
<previousColumn>false</previousColumn>
<autoIncrementCycle>false</autoIncrementCycle>
<associations>
<colAssociation fkAssociation="D83A510F-C4D2-2D59-488C-07FFB9066BFB" referredColumn="E030BDFE-69EE-359F-F38A-86ADBADB9D00"/>
</associations>
</Column>
<Column name="SCHEDULE_schdeule_id" id="AF1F2FF4-C5A4-B25F-CFBD-135C4995F959">
<createdBy>hussainabuwala</createdBy>
<createdTime>2017-05-07 10:45:43 UTC</createdTime>
<comment>id which identifies a specific request</comment>
<generatorID>2C07B6E2-0A50-651E-4BAF-1B6F2B7DEEB4</generatorID>
<ownerDesignName>assignment2_logical_model</ownerDesignName>
<useDomainConstraints>false</useDomainConstraints>
<use>1</use>
<logicalDatatype>LOGDT019</logicalDatatype>
<dataTypePrecision>7</dataTypePrecision>
<ownDataTypeParameters>,7,</ownDataTypeParameters>
<previousColumn>false</previousColumn>
<autoIncrementCycle>false</autoIncrementCycle>
<associations>
<colAssociation fkAssociation="94C2018B-0273-2158-A759-18CC1AB19336" referredColumn="7FBF5EEA-D85F-91EE-FAF9-088DCE786018"/>
</associations>
</Column>
</columns>
<indexes itemClass="oracle.dbtools.crest.model.design.relational.Index">
<ind_PK_UK id="7F1F19BD-47D9-021D-7E02-A928653DBC4D" name="BIN_REQUEST_PK">
<createdBy>hussainabuwala</createdBy>
<createdTime>2017-05-07 10:45:43 UTC</createdTime>
<generatorID>0ED538AE-3DB9-063D-51C3-49A8A5D8D1E0</generatorID>
<ownerDesignName>assignment2_logical_model</ownerDesignName>
<pk>true</pk>
<indexState>Primary Constraint</indexState>
<isSurrogateKey>false</isSurrogateKey>
<indexColumnUsage>
<colUsage columnID="261B076B-7D05-ADED-4C0B-25833C24AD23"/>
</indexColumnUsage>
</ind_PK_UK>
<ind_PK_UK id="105298F7-1438-136D-A001-9C82F9CCA312" name="BIN_REQUEST_PROPERTY_FK">
<createdBy>hussainabuwala</createdBy>
<createdTime>2017-05-07 10:45:43 UTC</createdTime>
<generatorID>EA0897A8-EBB2-2058-3B05-93EE18187063</generatorID>
<ownerDesignName>assignment2_logical_model</ownerDesignName>
<indexState>Foreign Key</indexState>
<isSurrogateKey>false</isSurrogateKey>
<indexColumnUsage>
<colUsage columnID="F3093A9F-DF6E-5E38-CC4C-56EEA4D139C2"/>
</indexColumnUsage>
</ind_PK_UK>
<ind_PK_UK id="9B30AC42-4E97-37F7-E53F-7B1521415F27" name="BIN_REQUEST_BIN_FK">
<createdBy>hussainabuwala</createdBy>
<createdTime>2017-05-07 10:45:43 UTC</createdTime>
<generatorID>20824D3B-DCE9-5130-BC0F-0345C8D4776E</generatorID>
<ownerDesignName>assignment2_logical_model</ownerDesignName>
<indexState>Foreign Key</indexState>
<isSurrogateKey>false</isSurrogateKey>
<indexColumnUsage>
<colUsage columnID="D7EF3280-AD0F-E336-7C37-F6C08713A5CE"/>
</indexColumnUsage>
</ind_PK_UK>
<ind_PK_UK id="CBD8AE40-9A27-B2CE-D4F3-4F83822C045A" name="BIN_REQUEST_BIN_TYPE_FK">
<createdBy>hussainabuwala</createdBy>
<createdTime>2017-05-07 10:45:43 UTC</createdTime>
<generatorID>7551E94E-5337-DFD3-2ABF-65060A1703B1</generatorID>
<ownerDesignName>assignment2_logical_model</ownerDesignName>
<indexState>Foreign Key</indexState>
<isSurrogateKey>false</isSurrogateKey>
<indexColumnUsage>
<colUsage columnID="7AB9F729-C4AB-994D-1EBA-9CB685BA32DE"/>
<colUsage columnID="0357EBE7-844E-C7F5-FEE7-64713586A66E"/>
</indexColumnUsage>
</ind_PK_UK>
<ind_PK_UK id="66032A3D-678F-4D5C-55C9-0817313CBBC9" name="BIN_REQUEST_SCHEDULE_FK">
<createdBy>hussainabuwala</createdBy>
<createdTime>2017-05-07 10:45:43 UTC</createdTime>
<generatorID>912ED38E-B021-9E75-3101-333E5ADC747A</generatorID>
<ownerDesignName>assignment2_logical_model</ownerDesignName>
<indexState>Foreign Key</indexState>
<isSurrogateKey>false</isSurrogateKey>
<indexColumnUsage>
<colUsage columnID="AF1F2FF4-C5A4-B25F-CFBD-135C4995F959"/>
</indexColumnUsage>
</ind_PK_UK>
</indexes>
</Table>