<?xml version = '1.0' encoding = 'UTF-8'?>
<Table class="oracle.dbtools.crest.model.design.relational.Table" directorySegmentName="seg_0" id="A6B46946-83B8-E170-5D4F-A26025B482A4" name="BIN_CONTRACT">
<createdBy>hussainabuwala</createdBy>
<createdTime>2017-05-07 10:45:43 UTC</createdTime>
<generatorID>210521E9-2148-A0DF-A96B-410D5188A778</generatorID>
<ownerDesignName>assignment2_logical_model</ownerDesignName>
<allowColumnReorder>false</allowColumnReorder>
<existDependencyGenerateInDDl>true</existDependencyGenerateInDDl>
<parsed>true</parsed>
<columns itemClass="oracle.dbtools.crest.model.design.relational.Column">
<Column name="bin_cost" id="03708C9A-30D5-B8F5-3179-18264F9514C8">
<createdBy>hussainabuwala</createdBy>
<createdTime>2017-05-07 10:45:43 UTC</createdTime>
<comment>cost of the bin</comment>
<generatorID>B5E58E27-1167-240E-BC80-92FF7C971A8B</generatorID>
<ownerDesignName>assignment2_logical_model</ownerDesignName>
<constraintName>chk_bin_cost</constraintName>
<useDomainConstraints>false</useDomainConstraints>
<use>1</use>
<logicalDatatype>LOGDT019</logicalDatatype>
<dataTypePrecision>7</dataTypePrecision>
<checkConstraint>
<implementationDef dbType="Oracle Database 11g" definition="bin_cost &gt; 0"/>
</checkConstraint>
<ownDataTypeParameters>,7,</ownDataTypeParameters>
<autoIncrementCycle>false</autoIncrementCycle>
</Column>
<Column name="CONTRACT_contract_no" id="98EE256B-D583-C59F-B42C-0B2FBB4098BC">
<createdBy>hussainabuwala</createdBy>
<createdTime>2017-05-07 10:45:43 UTC</createdTime>
<comment>This is the primary key. each contract is identified using its contract number.</comment>
<generatorID>B93C4655-9CEC-51E5-330C-7C97E0CDF5B6</generatorID>
<ownerDesignName>assignment2_logical_model</ownerDesignName>
<useDomainConstraints>false</useDomainConstraints>
<use>1</use>
<logicalDatatype>LOGDT019</logicalDatatype>
<dataTypePrecision>7</dataTypePrecision>
<ownDataTypeParameters>,7,</ownDataTypeParameters>
<previousColumn>false</previousColumn>
<autoIncrementCycle>false</autoIncrementCycle>
<associations>
<colAssociation fkAssociation="179ECCD9-51DA-1DB2-9632-BFE6FAD93AF7" referredColumn="753DAC4B-81FE-F6E2-9ED9-0ECA624CB429"/>
</associations>
</Column>
<Column name="BIN_TYPE_bin_type" id="7A66381D-B8A5-F68E-2C70-7BF17CB4D393">
<createdBy>hussainabuwala</createdBy>
<createdTime>2017-05-07 10:45:43 UTC</createdTime>
<comment>type of bin</comment>
<generatorID>AFFE74AC-53F6-F0F3-4655-816B805FF45D</generatorID>
<ownerDesignName>assignment2_logical_model</ownerDesignName>
<useDomainConstraints>false</useDomainConstraints>
<use>1</use>
<logicalDatatype>LOGDT024</logicalDatatype>
<dataTypeSize>50</dataTypeSize>
<ownDataTypeParameters>50,,</ownDataTypeParameters>
<previousColumn>false</previousColumn>
<autoIncrementCycle>false</autoIncrementCycle>
<associations>
<colAssociation fkAssociation="DEC7A335-64C5-B5C7-3D97-13E40DBCD95A" referredColumn="B16D5C33-BF07-59BF-17D7-F61E8CD20006"/>
</associations>
</Column>
<Column name="BIN_TYPE_volum_bin" id="2DD603CB-2D03-9977-F421-18046AAF09F3">
<createdBy>hussainabuwala</createdBy>
<createdTime>2017-05-07 10:45:43 UTC</createdTime>
<comment>volum of the bin</comment>
<generatorID>0CB84CEA-AC0F-D6BC-6771-E12861092541</generatorID>
<ownerDesignName>assignment2_logical_model</ownerDesignName>
<useDomainConstraints>false</useDomainConstraints>
<use>1</use>
<logicalDatatype>LOGDT019</logicalDatatype>
<dataTypePrecision>7</dataTypePrecision>
<ownDataTypeParameters>,7,</ownDataTypeParameters>
<previousColumn>false</previousColumn>
<autoIncrementCycle>false</autoIncrementCycle>
<associations>
<colAssociation fkAssociation="DEC7A335-64C5-B5C7-3D97-13E40DBCD95A" referredColumn="E030BDFE-69EE-359F-F38A-86ADBADB9D00"/>
</associations>
</Column>
</columns>
<indexes itemClass="oracle.dbtools.crest.model.design.relational.Index">
<ind_PK_UK id="EA2A0E31-B26B-157F-8AC7-2F6CDE5FA7C7" name="BIN_CONTRACT_PK">
<createdBy>hussainabuwala</createdBy>
<createdTime>2017-05-07 10:45:43 UTC</createdTime>
<generatorID>DAD3936A-B01D-00DB-56CB-1970B1803D1E</generatorID>
<ownerDesignName>assignment2_logical_model</ownerDesignName>
<pk>true</pk>
<indexState>Primary Constraint</indexState>
<isSurrogateKey>false</isSurrogateKey>
<indexColumnUsage>
<colUsage columnID="98EE256B-D583-C59F-B42C-0B2FBB4098BC"/>
<colUsage columnID="7A66381D-B8A5-F68E-2C70-7BF17CB4D393"/>
<colUsage columnID="2DD603CB-2D03-9977-F421-18046AAF09F3"/>
</indexColumnUsage>
</ind_PK_UK>
<ind_PK_UK id="DC25DDFD-752D-3DF0-F2FA-1C8587BADDD5" name="BIN_CONTRACT_CONTRACT_FK">
<createdBy>hussainabuwala</createdBy>
<createdTime>2017-05-07 10:45:43 UTC</createdTime>
<generatorID>C93C0264-073A-1366-293F-06ADA3AFEEA2</generatorID>
<ownerDesignName>assignment2_logical_model</ownerDesignName>
<indexState>Foreign Key</indexState>
<isSurrogateKey>false</isSurrogateKey>
<indexColumnUsage>
<colUsage columnID="98EE256B-D583-C59F-B42C-0B2FBB4098BC"/>
</indexColumnUsage>
</ind_PK_UK>
<ind_PK_UK id="DAC0E54B-7923-418F-EA43-83BF0070DDD1" name="BIN_CONTRACT_BIN_TYPE_FK">
<createdBy>hussainabuwala</createdBy>
<createdTime>2017-05-07 10:45:43 UTC</createdTime>
<generatorID>9B2EEDEC-F299-4ED1-E4A2-0150D3587843</generatorID>
<ownerDesignName>assignment2_logical_model</ownerDesignName>
<indexState>Foreign Key</indexState>
<isSurrogateKey>false</isSurrogateKey>
<indexColumnUsage>
<colUsage columnID="7A66381D-B8A5-F68E-2C70-7BF17CB4D393"/>
<colUsage columnID="2DD603CB-2D03-9977-F421-18046AAF09F3"/>
</indexColumnUsage>
</ind_PK_UK>
</indexes>
</Table>