<?xml version = '1.0' encoding = 'UTF-8'?>
<Table class="oracle.dbtools.crest.model.design.relational.Table" directorySegmentName="seg_0" id="B39F3BCA-9F0E-B9AF-84CC-ACC5B9245BE3" name="COL_CONTRACT">
<createdBy>hussainabuwala</createdBy>
<createdTime>2017-05-07 10:45:43 UTC</createdTime>
<generatorID>2966C86A-1C7A-F009-16FA-AC508B5D9173</generatorID>
<ownerDesignName>assignment2_logical_model</ownerDesignName>
<allowColumnReorder>false</allowColumnReorder>
<existDependencyGenerateInDDl>true</existDependencyGenerateInDDl>
<parsed>true</parsed>
<columns itemClass="oracle.dbtools.crest.model.design.relational.Column">
<Column name="collection_type" id="F9740D55-054F-0DDE-E57E-78EFAB02D1DB">
<createdBy>hussainabuwala</createdBy>
<createdTime>2017-05-07 10:45:43 UTC</createdTime>
<comment>this is the primary key which gives which type of collection</comment>
<generatorID>43FD4DAF-F03A-A91F-2349-93D6492FACA2</generatorID>
<ownerDesignName>assignment2_logical_model</ownerDesignName>
<useDomainConstraints>false</useDomainConstraints>
<use>1</use>
<logicalDatatype>LOGDT024</logicalDatatype>
<dataTypeSize>50</dataTypeSize>
<ownDataTypeParameters>50,,</ownDataTypeParameters>
<autoIncrementCycle>false</autoIncrementCycle>
</Column>
<Column name="collection_cost" id="A979F3B2-E1B6-5F9E-0970-3622C603D94C">
<createdBy>hussainabuwala</createdBy>
<createdTime>2017-05-07 10:45:43 UTC</createdTime>
<comment>cost of the collection</comment>
<generatorID>A10E5111-2818-6AEF-94A4-E0520B901B7A</generatorID>
<ownerDesignName>assignment2_logical_model</ownerDesignName>
<constraintName>chk_collection_cost</constraintName>
<useDomainConstraints>false</useDomainConstraints>
<use>1</use>
<logicalDatatype>LOGDT019</logicalDatatype>
<dataTypePrecision>7</dataTypePrecision>
<checkConstraint>
<implementationDef dbType="Oracle Database 11g" definition="collection_cost &gt; 0"/>
</checkConstraint>
<ownDataTypeParameters>,7,</ownDataTypeParameters>
<autoIncrementCycle>false</autoIncrementCycle>
</Column>
<Column name="CONTRACT_contract_no" id="BE6AC463-132A-ABD0-8EE5-F836C0C57F79">
<createdBy>hussainabuwala</createdBy>
<createdTime>2017-05-07 10:45:43 UTC</createdTime>
<comment>This is the primary key. each contract is identified using its contract number.</comment>
<generatorID>036C6319-FB1B-85EA-66C3-ECA4964D9780</generatorID>
<ownerDesignName>assignment2_logical_model</ownerDesignName>
<useDomainConstraints>false</useDomainConstraints>
<use>1</use>
<logicalDatatype>LOGDT019</logicalDatatype>
<dataTypePrecision>7</dataTypePrecision>
<ownDataTypeParameters>,7,</ownDataTypeParameters>
<previousColumn>false</previousColumn>
<autoIncrementCycle>false</autoIncrementCycle>
<associations>
<colAssociation fkAssociation="14FF9416-EFF8-8D92-D3C1-0721245FBC6E" referredColumn="753DAC4B-81FE-F6E2-9ED9-0ECA624CB429"/>
</associations>
</Column>
</columns>
<indexes itemClass="oracle.dbtools.crest.model.design.relational.Index">
<ind_PK_UK id="796C815F-B757-6D2F-7A28-64BFFB88F4AD" name="COL_CONTRACT_PK">
<createdBy>hussainabuwala</createdBy>
<createdTime>2017-05-07 10:45:43 UTC</createdTime>
<generatorID>AC104124-657A-0A71-513F-42CF71B9F3D9</generatorID>
<ownerDesignName>assignment2_logical_model</ownerDesignName>
<pk>true</pk>
<indexState>Primary Constraint</indexState>
<isSurrogateKey>false</isSurrogateKey>
<indexColumnUsage>
<colUsage columnID="F9740D55-054F-0DDE-E57E-78EFAB02D1DB"/>
<colUsage columnID="BE6AC463-132A-ABD0-8EE5-F836C0C57F79"/>
</indexColumnUsage>
</ind_PK_UK>
<ind_PK_UK id="76BD4C6F-2129-7CD7-008C-59AB7359DA6D" name="COL_CONTRACT_CONTRACT_FK">
<createdBy>hussainabuwala</createdBy>
<createdTime>2017-05-07 10:45:43 UTC</createdTime>
<generatorID>2E45BFBE-5755-616B-F85B-A55480C2FBF5</generatorID>
<ownerDesignName>assignment2_logical_model</ownerDesignName>
<indexState>Foreign Key</indexState>
<isSurrogateKey>false</isSurrogateKey>
<indexColumnUsage>
<colUsage columnID="BE6AC463-132A-ABD0-8EE5-F836C0C57F79"/>
</indexColumnUsage>
</ind_PK_UK>
</indexes>
</Table>