<?xml version = '1.0' encoding = 'UTF-8'?>
<Table class="oracle.dbtools.crest.model.design.relational.Table" directorySegmentName="seg_0" id="D281E241-0DE3-041C-2B0C-830705FDAB44" name="SCHEDULE">
<createdBy>hussainabuwala</createdBy>
<createdTime>2017-05-07 10:45:43 UTC</createdTime>
<generatorID>6A451451-3E41-51EE-01AB-DC98E94AE351</generatorID>
<ownerDesignName>assignment2_logical_model</ownerDesignName>
<allowColumnReorder>false</allowColumnReorder>
<existDependencyGenerateInDDl>true</existDependencyGenerateInDDl>
<parsed>true</parsed>
<columns itemClass="oracle.dbtools.crest.model.design.relational.Column">
<Column name="schdeule_id" id="7FBF5EEA-D85F-91EE-FAF9-088DCE786018">
<createdBy>hussainabuwala</createdBy>
<createdTime>2017-05-07 10:45:43 UTC</createdTime>
<comment>id which identifies a specific request</comment>
<generatorID>75BE177D-078B-4C0F-28FF-5C8D5575CD21</generatorID>
<ownerDesignName>assignment2_logical_model</ownerDesignName>
<useDomainConstraints>false</useDomainConstraints>
<use>1</use>
<logicalDatatype>LOGDT019</logicalDatatype>
<dataTypePrecision>7</dataTypePrecision>
<ownDataTypeParameters>,7,</ownDataTypeParameters>
<autoIncrementColumn>true</autoIncrementColumn>
<autoIncrementCycle>false</autoIncrementCycle>
<autoIncrementGenerateTrigger>false</autoIncrementGenerateTrigger>
</Column>
<Column name="schedule_date" id="6028D33C-4AD4-34A4-8F9A-275F4ED52670">
<createdBy>hussainabuwala</createdBy>
<createdTime>2017-05-07 10:45:43 UTC</createdTime>
<comment>date of schedule</comment>
<generatorID>328242D5-8909-991A-A1E5-59A8F2E61F3A</generatorID>
<ownerDesignName>assignment2_logical_model</ownerDesignName>
<useDomainConstraints>false</useDomainConstraints>
<use>1</use>
<logicalDatatype>LOGDT007</logicalDatatype>
<ownDataTypeParameters>,,</ownDataTypeParameters>
<autoIncrementCycle>false</autoIncrementCycle>
</Column>
<Column name="TRUCK_tvi_no" id="8F6D939B-60D6-D98F-3710-2E2112036B5F">
<createdBy>hussainabuwala</createdBy>
<createdTime>2017-05-07 10:45:43 UTC</createdTime>
<comment>this uniquely identifies a truck</comment>
<generatorID>9DE0E57B-FF62-4FF7-8B72-0F884B8657CB</generatorID>
<ownerDesignName>assignment2_logical_model</ownerDesignName>
<useDomainConstraints>false</useDomainConstraints>
<use>1</use>
<logicalDatatype>LOGDT019</logicalDatatype>
<dataTypePrecision>7</dataTypePrecision>
<ownDataTypeParameters>,7,</ownDataTypeParameters>
<previousColumn>false</previousColumn>
<autoIncrementCycle>false</autoIncrementCycle>
<associations>
<colAssociation fkAssociation="DBFEC497-ACDE-78DF-8C54-61D0C066B285" referredColumn="71175621-9A10-38AC-9502-A8CF0D206431"/>
</associations>
</Column>
<Column name="DRIVER_license_no" id="DBF5220B-87BF-2D70-32AB-B32EC1A838D7">
<createdBy>hussainabuwala</createdBy>
<createdTime>2017-05-07 10:45:43 UTC</createdTime>
<comment>this uniquely identifies a specific driver</comment>
<generatorID>EF6A79AE-265A-FB89-9E1A-7BEBF8787F39</generatorID>
<ownerDesignName>assignment2_logical_model</ownerDesignName>
<useDomainConstraints>false</useDomainConstraints>
<use>1</use>
<logicalDatatype>LOGDT019</logicalDatatype>
<dataTypePrecision>7</dataTypePrecision>
<ownDataTypeParameters>,7,</ownDataTypeParameters>
<previousColumn>false</previousColumn>
<autoIncrementCycle>false</autoIncrementCycle>
<associations>
<colAssociation fkAssociation="3EE95A9D-64FE-EFAF-DBC1-41A4FCB128AD" referredColumn="AA93AE57-C99A-7CA3-69C9-D27DE708A0E7"/>
</associations>
</Column>
<Column name="DRIVER_license_no1" id="79F3F9CA-E067-E73C-89A6-A3C338298A5F">
<createdBy>hussainabuwala</createdBy>
<createdTime>2017-05-07 10:45:43 UTC</createdTime>
<comment>this uniquely identifies a specific driver</comment>
<generatorID>C138CD39-CD2A-C990-0866-EE209549BF35</generatorID>
<ownerDesignName>assignment2_logical_model</ownerDesignName>
<useDomainConstraints>false</useDomainConstraints>
<use>1</use>
<logicalDatatype>LOGDT019</logicalDatatype>
<dataTypePrecision>7</dataTypePrecision>
<ownDataTypeParameters>,7,</ownDataTypeParameters>
<previousColumn>false</previousColumn>
<autoIncrementCycle>false</autoIncrementCycle>
<associations>
<colAssociation fkAssociation="DB969898-0C3F-C839-AB9D-A5C5CEC9C66B" referredColumn="AA93AE57-C99A-7CA3-69C9-D27DE708A0E7"/>
</associations>
</Column>
</columns>
<indexes itemClass="oracle.dbtools.crest.model.design.relational.Index">
<ind_PK_UK id="BB2E51DD-E389-5323-7110-4FAFDEDD3CE9" name="SCHEDULE_PK">
<createdBy>hussainabuwala</createdBy>
<createdTime>2017-05-07 10:45:43 UTC</createdTime>
<generatorID>44945093-AD34-BA25-3849-7BE4849C2166</generatorID>
<ownerDesignName>assignment2_logical_model</ownerDesignName>
<pk>true</pk>
<indexState>Primary Constraint</indexState>
<isSurrogateKey>false</isSurrogateKey>
<indexColumnUsage>
<colUsage columnID="7FBF5EEA-D85F-91EE-FAF9-088DCE786018"/>
</indexColumnUsage>
</ind_PK_UK>
<ind_PK_UK id="9BE5A1F1-AA9D-62E9-1C10-522700AB2A5C" name="SCHEDULE_TRUCK_FK">
<createdBy>hussainabuwala</createdBy>
<createdTime>2017-05-07 10:45:43 UTC</createdTime>
<generatorID>2533145A-AF3C-CAA3-DE4B-2A66022F87B3</generatorID>
<ownerDesignName>assignment2_logical_model</ownerDesignName>
<indexState>Foreign Key</indexState>
<isSurrogateKey>false</isSurrogateKey>
<indexColumnUsage>
<colUsage columnID="8F6D939B-60D6-D98F-3710-2E2112036B5F"/>
</indexColumnUsage>
</ind_PK_UK>
<ind_PK_UK id="43AF1D87-4741-0D2E-204B-B3F7866D3466" name="SCHEDULE_DRIVER_FK">
<createdBy>hussainabuwala</createdBy>
<createdTime>2017-05-07 10:45:43 UTC</createdTime>
<generatorID>14028D20-A6B1-DB4F-7104-7A7FCB8EB972</generatorID>
<ownerDesignName>assignment2_logical_model</ownerDesignName>
<indexState>Foreign Key</indexState>
<isSurrogateKey>false</isSurrogateKey>
<indexColumnUsage>
<colUsage columnID="DBF5220B-87BF-2D70-32AB-B32EC1A838D7"/>
</indexColumnUsage>
</ind_PK_UK>
<ind_PK_UK id="03A688C4-194F-7DFC-EFD9-67473F6F42AE" name="SCHEDULE_DRIVER_FKv1">
<createdBy>hussainabuwala</createdBy>
<createdTime>2017-05-07 10:45:43 UTC</createdTime>
<generatorID>E958ADAD-98E1-748C-CFD2-CED9F0D73EAB</generatorID>
<ownerDesignName>assignment2_logical_model</ownerDesignName>
<indexState>Foreign Key</indexState>
<isSurrogateKey>false</isSurrogateKey>
<indexColumnUsage>
<colUsage columnID="79F3F9CA-E067-E73C-89A6-A3C338298A5F"/>
</indexColumnUsage>
</ind_PK_UK>
</indexes>
</Table>