<?xml version = '1.0' encoding = 'UTF-8'?>
<Table class="oracle.dbtools.crest.model.design.relational.Table" directorySegmentName="seg_0" id="DC47DF70-1160-7B7A-2466-18C5697EDC29" name="INVOICE">
<createdBy>hussainabuwala</createdBy>
<createdTime>2017-05-07 10:45:43 UTC</createdTime>
<generatorID>9CC9B8D4-5251-699A-B9AC-F2178175B3F2</generatorID>
<ownerDesignName>assignment2_logical_model</ownerDesignName>
<allowColumnReorder>false</allowColumnReorder>
<existDependencyGenerateInDDl>true</existDependencyGenerateInDDl>
<parsed>true</parsed>
<columns itemClass="oracle.dbtools.crest.model.design.relational.Column">
<Column name="invoice_no" id="BFC0FCB2-D7AC-B99C-3A24-87150C6970BF">
<createdBy>hussainabuwala</createdBy>
<createdTime>2017-05-07 10:45:43 UTC</createdTime>
<comment>uniquley identifes each invoice</comment>
<generatorID>11BDCFEF-7E54-ECA7-E69C-682FC0D9600E</generatorID>
<ownerDesignName>assignment2_logical_model</ownerDesignName>
<useDomainConstraints>false</useDomainConstraints>
<use>1</use>
<logicalDatatype>LOGDT019</logicalDatatype>
<dataTypePrecision>7</dataTypePrecision>
<ownDataTypeParameters>,7,</ownDataTypeParameters>
<autoIncrementColumn>true</autoIncrementColumn>
<autoIncrementCycle>false</autoIncrementCycle>
<autoIncrementGenerateTrigger>false</autoIncrementGenerateTrigger>
</Column>
<Column name="qtr_start_date" id="C47E7377-4186-0F96-7EE5-CAA24C49020D">
<createdBy>hussainabuwala</createdBy>
<createdTime>2017-05-07 10:45:43 UTC</createdTime>
<comment>start date of quarter</comment>
<generatorID>5DC626A6-6CEB-E5A1-BDF3-38F1AA33F219</generatorID>
<ownerDesignName>assignment2_logical_model</ownerDesignName>
<constraintName>chk_qtr_start</constraintName>
<useDomainConstraints>false</useDomainConstraints>
<use>1</use>
<logicalDatatype>LOGDT007</logicalDatatype>
<checkConstraint>
<implementationDef dbType="Oracle Database 11g" definition="(qtr_start_date &lt; qtr_end_date)"/>
</checkConstraint>
<ownDataTypeParameters>,,</ownDataTypeParameters>
<autoIncrementCycle>false</autoIncrementCycle>
</Column>
<Column name="qtr_end_date" id="FF823F16-DC9C-1EF6-F9A3-F826E4CAF86E">
<createdBy>hussainabuwala</createdBy>
<createdTime>2017-05-07 10:45:43 UTC</createdTime>
<comment>end quarter date</comment>
<generatorID>9492610B-21CE-8839-17AA-B3C672BD9770</generatorID>
<ownerDesignName>assignment2_logical_model</ownerDesignName>
<useDomainConstraints>false</useDomainConstraints>
<use>1</use>
<logicalDatatype>LOGDT007</logicalDatatype>
<ownDataTypeParameters>,,</ownDataTypeParameters>
<autoIncrementCycle>false</autoIncrementCycle>
</Column>
<Column name="CONTRACT_contract_no" id="48C8989A-A11D-6AD6-960D-DD13DC1A918E">
<createdBy>hussainabuwala</createdBy>
<createdTime>2017-05-07 10:45:43 UTC</createdTime>
<comment>This is the primary key. each contract is identified using its contract number.</comment>
<generatorID>34214F00-F270-A606-630E-149A2705135C</generatorID>
<ownerDesignName>assignment2_logical_model</ownerDesignName>
<useDomainConstraints>false</useDomainConstraints>
<use>1</use>
<logicalDatatype>LOGDT019</logicalDatatype>
<dataTypePrecision>7</dataTypePrecision>
<ownDataTypeParameters>,7,</ownDataTypeParameters>
<previousColumn>false</previousColumn>
<autoIncrementCycle>false</autoIncrementCycle>
<associations>
<colAssociation fkAssociation="ABDEFF13-E520-93DD-70E2-CD466AE2E115" referredColumn="753DAC4B-81FE-F6E2-9ED9-0ECA624CB429"/>
</associations>
</Column>
</columns>
<indexes itemClass="oracle.dbtools.crest.model.design.relational.Index">
<ind_PK_UK id="CA8E4230-306F-D3F3-BCF2-514E78930CAD" name="INVOICE_PK">
<createdBy>hussainabuwala</createdBy>
<createdTime>2017-05-07 10:45:43 UTC</createdTime>
<generatorID>4DB379F8-939D-A35B-A8D7-C63B774823FE</generatorID>
<ownerDesignName>assignment2_logical_model</ownerDesignName>
<pk>true</pk>
<indexState>Primary Constraint</indexState>
<isSurrogateKey>false</isSurrogateKey>
<indexColumnUsage>
<colUsage columnID="BFC0FCB2-D7AC-B99C-3A24-87150C6970BF"/>
</indexColumnUsage>
</ind_PK_UK>
<ind_PK_UK id="5D687AE8-2F61-2EDC-B1BE-43177B419FB8" name="INVOICE_CONTRACT_FK">
<createdBy>hussainabuwala</createdBy>
<createdTime>2017-05-07 10:45:43 UTC</createdTime>
<generatorID>EA056071-E496-626B-9E10-802CE5937C09</generatorID>
<ownerDesignName>assignment2_logical_model</ownerDesignName>
<indexState>Foreign Key</indexState>
<isSurrogateKey>false</isSurrogateKey>
<indexColumnUsage>
<colUsage columnID="48C8989A-A11D-6AD6-960D-DD13DC1A918E"/>
</indexColumnUsage>
</ind_PK_UK>
</indexes>
</Table>