<?xml version = '1.0' encoding = 'UTF-8'?>
<FKIndexAssociation class="oracle.dbtools.crest.model.design.relational.FKIndexAssociation" directorySegmentName="seg_0" id="14FF9416-EFF8-8D92-D3C1-0721245FBC6E" containerWithKeyObject="B39F3BCA-9F0E-B9AF-84CC-ACC5B9245BE3" localFKIndex="76BD4C6F-2129-7CD7-008C-59AB7359DA6D" name="COL_CONTRACT_CONTRACT_FK">
<createdBy>hussainabuwala</createdBy>
<createdTime>2017-05-07 10:45:43 UTC</createdTime>
<generatorID>2E45BFBE-5755-616B-F85B-A55480C2FBF5</generatorID>
<ownerDesignName>assignment2_logical_model</ownerDesignName>
<deleteRule>NO ACTION</deleteRule>
<referredTableID>205692C2-7113-9E80-309A-A599DC07082F</referredTableID>
<keyObject>E811CEDF-7526-7A6E-7174-0040F5EA8B4F</keyObject>
<referredKeyID>E811CEDF-7526-7A6E-7174-0040F5EA8B4F</referredKeyID>
<mandatory>true</mandatory>
<transferable>true</transferable>
<rely>false</rely>
<columnDependencyConstraintGenerateInDDL>true</columnDependencyConstraintGenerateInDDL>
</FKIndexAssociation>