<?xml version = '1.0' encoding = 'UTF-8'?>
<FKIndexAssociation class="oracle.dbtools.crest.model.design.relational.FKIndexAssociation" directorySegmentName="seg_0" id="179ECCD9-51DA-1DB2-9632-BFE6FAD93AF7" containerWithKeyObject="A6B46946-83B8-E170-5D4F-A26025B482A4" localFKIndex="DC25DDFD-752D-3DF0-F2FA-1C8587BADDD5" name="BIN_CONTRACT_CONTRACT_FK">
<createdBy>hussainabuwala</createdBy>
<createdTime>2017-05-07 10:45:43 UTC</createdTime>
<generatorID>C93C0264-073A-1366-293F-06ADA3AFEEA2</generatorID>
<ownerDesignName>assignment2_logical_model</ownerDesignName>
<deleteRule>NO ACTION</deleteRule>
<referredTableID>205692C2-7113-9E80-309A-A599DC07082F</referredTableID>
<keyObject>E811CEDF-7526-7A6E-7174-0040F5EA8B4F</keyObject>
<referredKeyID>E811CEDF-7526-7A6E-7174-0040F5EA8B4F</referredKeyID>
<mandatory>true</mandatory>
<transferable>true</transferable>
<rely>false</rely>
<columnDependencyConstraintGenerateInDDL>true</columnDependencyConstraintGenerateInDDL>
</FKIndexAssociation>