<?xml version = '1.0' encoding = 'UTF-8'?>
<FKIndexAssociation class="oracle.dbtools.crest.model.design.relational.FKIndexAssociation" directorySegmentName="seg_0" id="3EE95A9D-64FE-EFAF-DBC1-41A4FCB128AD" containerWithKeyObject="D281E241-0DE3-041C-2B0C-830705FDAB44" localFKIndex="43AF1D87-4741-0D2E-204B-B3F7866D3466" name="SCHEDULE_DRIVER_FK">
<createdBy>hussainabuwala</createdBy>
<createdTime>2017-05-07 10:45:43 UTC</createdTime>
<generatorID>14028D20-A6B1-DB4F-7104-7A7FCB8EB972</generatorID>
<ownerDesignName>assignment2_logical_model</ownerDesignName>
<deleteRule>NO ACTION</deleteRule>
<referredTableID>9CE4E901-6E03-6A93-BCB4-6F0B5F13B27D</referredTableID>
<keyObject>E6B5EAFA-81BB-3906-E233-94C52BB9457D</keyObject>
<referredKeyID>E6B5EAFA-81BB-3906-E233-94C52BB9457D</referredKeyID>
<mandatory>true</mandatory>
<transferable>true</transferable>
<rely>false</rely>
<columnDependencyConstraintGenerateInDDL>true</columnDependencyConstraintGenerateInDDL>
</FKIndexAssociation>