<?xml version = '1.0' encoding = 'UTF-8'?>
<FKIndexAssociation class="oracle.dbtools.crest.model.design.relational.FKIndexAssociation" directorySegmentName="seg_0" id="5B858C50-E175-3736-2165-C9C8D40AF3D7" containerWithKeyObject="3C0D13E6-24E8-C715-1DF6-822D1E1F161C" localFKIndex="9B30AC42-4E97-37F7-E53F-7B1521415F27" name="BIN_REQUEST_BIN_FK">
<createdBy>hussainabuwala</createdBy>
<createdTime>2017-05-07 10:45:43 UTC</createdTime>
<generatorID>20824D3B-DCE9-5130-BC0F-0345C8D4776E</generatorID>
<ownerDesignName>assignment2_logical_model</ownerDesignName>
<deleteRule>NO ACTION</deleteRule>
<referredTableID>3AE040B2-EFF8-A814-543D-2A137D31D615</referredTableID>
<keyObject>58E78DDA-424F-C765-1564-013F4E616424</keyObject>
<referredKeyID>58E78DDA-424F-C765-1564-013F4E616424</referredKeyID>
<mandatory>true</mandatory>
<transferable>true</transferable>
<rely>false</rely>
<columnDependencyConstraintGenerateInDDL>true</columnDependencyConstraintGenerateInDDL>
</FKIndexAssociation>