<?xml version = '1.0' encoding = 'UTF-8'?>
<FKIndexAssociation class="oracle.dbtools.crest.model.design.relational.FKIndexAssociation" directorySegmentName="seg_0" id="5B89E4E7-9AC4-7050-2780-243357F40FDC" containerWithKeyObject="3C0D13E6-24E8-C715-1DF6-822D1E1F161C" localFKIndex="105298F7-1438-136D-A001-9C82F9CCA312" name="BIN_REQUEST_PROPERTY_FK">
<createdBy>hussainabuwala</createdBy>
<createdTime>2017-05-07 10:45:43 UTC</createdTime>
<generatorID>EA0897A8-EBB2-2058-3B05-93EE18187063</generatorID>
<ownerDesignName>assignment2_logical_model</ownerDesignName>
<deleteRule>NO ACTION</deleteRule>
<referredTableID>20255E34-5E01-3D8B-B845-626B83A63DA9</referredTableID>
<keyObject>A18AB883-8600-C400-C7A0-FC0B305949C4</keyObject>
<referredKeyID>A18AB883-8600-C400-C7A0-FC0B305949C4</referredKeyID>
<mandatory>true</mandatory>
<transferable>true</transferable>
<rely>false</rely>
<columnDependencyConstraintGenerateInDDL>true</columnDependencyConstraintGenerateInDDL>
</FKIndexAssociation>