<?xml version = '1.0' encoding = 'UTF-8'?>
<FKIndexAssociation class="oracle.dbtools.crest.model.design.relational.FKIndexAssociation" directorySegmentName="seg_0" id="6AACB59A-1F46-9C31-9DD2-33383F4DDC65" containerWithKeyObject="20255E34-5E01-3D8B-B845-626B83A63DA9" localFKIndex="B3C4C8FB-F7C8-88D3-30BD-EB46912E9904" name="PROPERTY_COUNCIL_FK">
<createdBy>hussainabuwala</createdBy>
<createdTime>2017-05-07 10:45:43 UTC</createdTime>
<generatorID>1F21973A-6B3F-42F4-A642-FA293A6F0E81</generatorID>
<ownerDesignName>assignment2_logical_model</ownerDesignName>
<deleteRule>NO ACTION</deleteRule>
<referredTableID>3A609F98-F50E-A2CB-886A-E451C20371F4</referredTableID>
<keyObject>DDAC5B53-F343-FCA1-DE12-8A486CAB8C3C</keyObject>
<referredKeyID>DDAC5B53-F343-FCA1-DE12-8A486CAB8C3C</referredKeyID>
<mandatory>true</mandatory>
<transferable>true</transferable>
<rely>false</rely>
<columnDependencyConstraintGenerateInDDL>true</columnDependencyConstraintGenerateInDDL>
</FKIndexAssociation>