<?xml version = '1.0' encoding = 'UTF-8'?>
<FKIndexAssociation class="oracle.dbtools.crest.model.design.relational.FKIndexAssociation" directorySegmentName="seg_0" id="81FA0141-544E-0FBA-6509-D12439910331" containerWithKeyObject="205692C2-7113-9E80-309A-A599DC07082F" localFKIndex="6669BE9E-6BD3-93E7-F695-29524469F485" name="CONTRACT_COUNCIL_FK">
<createdBy>hussainabuwala</createdBy>
<createdTime>2017-05-07 10:45:43 UTC</createdTime>
<generatorID>618AB2C3-2735-6A48-641F-911E5159652C</generatorID>
<ownerDesignName>assignment2_logical_model</ownerDesignName>
<deleteRule>NO ACTION</deleteRule>
<referredTableID>3A609F98-F50E-A2CB-886A-E451C20371F4</referredTableID>
<keyObject>DDAC5B53-F343-FCA1-DE12-8A486CAB8C3C</keyObject>
<referredKeyID>DDAC5B53-F343-FCA1-DE12-8A486CAB8C3C</referredKeyID>
<mandatory>true</mandatory>
<transferable>true</transferable>
<rely>false</rely>
<columnDependencyConstraintGenerateInDDL>true</columnDependencyConstraintGenerateInDDL>
</FKIndexAssociation>