<?xml version = '1.0' encoding = 'UTF-8'?>
<FKIndexAssociation class="oracle.dbtools.crest.model.design.relational.FKIndexAssociation" directorySegmentName="seg_0" id="94C2018B-0273-2158-A759-18CC1AB19336" containerWithKeyObject="3C0D13E6-24E8-C715-1DF6-822D1E1F161C" localFKIndex="66032A3D-678F-4D5C-55C9-0817313CBBC9" name="BIN_REQUEST_SCHEDULE_FK">
<createdBy>hussainabuwala</createdBy>
<createdTime>2017-05-07 10:45:43 UTC</createdTime>
<generatorID>912ED38E-B021-9E75-3101-333E5ADC747A</generatorID>
<ownerDesignName>assignment2_logical_model</ownerDesignName>
<deleteRule>NO ACTION</deleteRule>
<referredTableID>D281E241-0DE3-041C-2B0C-830705FDAB44</referredTableID>
<keyObject>BB2E51DD-E389-5323-7110-4FAFDEDD3CE9</keyObject>
<referredKeyID>BB2E51DD-E389-5323-7110-4FAFDEDD3CE9</referredKeyID>
<mandatory>true</mandatory>
<transferable>true</transferable>
<rely>false</rely>
<columnDependencyConstraintGenerateInDDL>true</columnDependencyConstraintGenerateInDDL>
</FKIndexAssociation>