<?xml version = '1.0' encoding = 'UTF-8'?>
<FKIndexAssociation class="oracle.dbtools.crest.model.design.relational.FKIndexAssociation" directorySegmentName="seg_0" id="A39F3C7D-96E6-DEAF-BBC5-C0AA095E7A9C" containerWithKeyObject="3AE040B2-EFF8-A814-543D-2A137D31D615" localFKIndex="15FF874D-EE39-7A00-A44A-B6DAB2EF8000" name="BIN_BIN_TYPE_FK">
<createdBy>hussainabuwala</createdBy>
<createdTime>2017-05-07 10:45:43 UTC</createdTime>
<generatorID>07F2440C-76E5-2AEF-17EB-DCF4BBD30316</generatorID>
<ownerDesignName>assignment2_logical_model</ownerDesignName>
<deleteRule>NO ACTION</deleteRule>
<referredTableID>8D9A7883-C96B-80C9-126D-7389744F8F0F</referredTableID>
<keyObject>C6D2FB24-A431-3962-F002-27F1D2999AE0</keyObject>
<referredKeyID>C6D2FB24-A431-3962-F002-27F1D2999AE0</referredKeyID>
<mandatory>true</mandatory>
<transferable>true</transferable>
<rely>false</rely>
<columnDependencyConstraintGenerateInDDL>true</columnDependencyConstraintGenerateInDDL>
</FKIndexAssociation>