<?xml version = '1.0' encoding = 'UTF-8'?>
<FKIndexAssociation class="oracle.dbtools.crest.model.design.relational.FKIndexAssociation" directorySegmentName="seg_0" id="ABDEFF13-E520-93DD-70E2-CD466AE2E115" containerWithKeyObject="DC47DF70-1160-7B7A-2466-18C5697EDC29" localFKIndex="5D687AE8-2F61-2EDC-B1BE-43177B419FB8" name="INVOICE_CONTRACT_FK">
<createdBy>hussainabuwala</createdBy>
<createdTime>2017-05-07 10:45:43 UTC</createdTime>
<generatorID>EA056071-E496-626B-9E10-802CE5937C09</generatorID>
<ownerDesignName>assignment2_logical_model</ownerDesignName>
<deleteRule>NO ACTION</deleteRule>
<referredTableID>205692C2-7113-9E80-309A-A599DC07082F</referredTableID>
<keyObject>E811CEDF-7526-7A6E-7174-0040F5EA8B4F</keyObject>
<referredKeyID>E811CEDF-7526-7A6E-7174-0040F5EA8B4F</referredKeyID>
<mandatory>true</mandatory>
<transferable>true</transferable>
<rely>false</rely>
<columnDependencyConstraintGenerateInDDL>true</columnDependencyConstraintGenerateInDDL>
</FKIndexAssociation>