<?xml version = '1.0' encoding = 'UTF-8'?>
<FKIndexAssociation class="oracle.dbtools.crest.model.design.relational.FKIndexAssociation" directorySegmentName="seg_0" id="B8A8EF96-A5C2-7C14-4A43-E474EF1DFB17" containerWithKeyObject="3AE040B2-EFF8-A814-543D-2A137D31D615" localFKIndex="7244268C-CC2A-3CFD-1E54-B9C04641844A" name="BIN_PROPERTY_FK">
<createdBy>hussainabuwala</createdBy>
<createdTime>2017-05-07 10:45:43 UTC</createdTime>
<generatorID>4129FCA9-B42F-75AF-83D8-345D88D4BB0B</generatorID>
<ownerDesignName>assignment2_logical_model</ownerDesignName>
<deleteRule>NO ACTION</deleteRule>
<referredTableID>20255E34-5E01-3D8B-B845-626B83A63DA9</referredTableID>
<keyObject>A18AB883-8600-C400-C7A0-FC0B305949C4</keyObject>
<referredKeyID>A18AB883-8600-C400-C7A0-FC0B305949C4</referredKeyID>
<mandatory>true</mandatory>
<transferable>true</transferable>
<rely>false</rely>
<columnDependencyConstraintGenerateInDDL>true</columnDependencyConstraintGenerateInDDL>
</FKIndexAssociation>