<?xml version = '1.0' encoding = 'UTF-8'?>
<FKIndexAssociation class="oracle.dbtools.crest.model.design.relational.FKIndexAssociation" directorySegmentName="seg_0" id="D83A510F-C4D2-2D59-488C-07FFB9066BFB" containerWithKeyObject="3C0D13E6-24E8-C715-1DF6-822D1E1F161C" localFKIndex="CBD8AE40-9A27-B2CE-D4F3-4F83822C045A" name="BIN_REQUEST_BIN_TYPE_FK">
<createdBy>hussainabuwala</createdBy>
<createdTime>2017-05-07 10:45:43 UTC</createdTime>
<generatorID>7551E94E-5337-DFD3-2ABF-65060A1703B1</generatorID>
<ownerDesignName>assignment2_logical_model</ownerDesignName>
<deleteRule>NO ACTION</deleteRule>
<referredTableID>8D9A7883-C96B-80C9-126D-7389744F8F0F</referredTableID>
<keyObject>C6D2FB24-A431-3962-F002-27F1D2999AE0</keyObject>
<referredKeyID>C6D2FB24-A431-3962-F002-27F1D2999AE0</referredKeyID>
<mandatory>true</mandatory>
<transferable>true</transferable>
<rely>false</rely>
<columnDependencyConstraintGenerateInDDL>true</columnDependencyConstraintGenerateInDDL>
</FKIndexAssociation>