<?xml version = '1.0' encoding = 'UTF-8'?>
<FKIndexAssociation class="oracle.dbtools.crest.model.design.relational.FKIndexAssociation" directorySegmentName="seg_0" id="DB969898-0C3F-C839-AB9D-A5C5CEC9C66B" containerWithKeyObject="D281E241-0DE3-041C-2B0C-830705FDAB44" localFKIndex="03A688C4-194F-7DFC-EFD9-67473F6F42AE" name="SCHEDULE_DRIVER_FKv1">
<createdBy>hussainabuwala</createdBy>
<createdTime>2017-05-07 10:45:43 UTC</createdTime>
<generatorID>E958ADAD-98E1-748C-CFD2-CED9F0D73EAB</generatorID>
<ownerDesignName>assignment2_logical_model</ownerDesignName>
<deleteRule>NO ACTION</deleteRule>
<referredTableID>9CE4E901-6E03-6A93-BCB4-6F0B5F13B27D</referredTableID>
<keyObject>E6B5EAFA-81BB-3906-E233-94C52BB9457D</keyObject>
<referredKeyID>E6B5EAFA-81BB-3906-E233-94C52BB9457D</referredKeyID>
<mandatory>true</mandatory>
<transferable>true</transferable>
<rely>false</rely>
<columnDependencyConstraintGenerateInDDL>true</columnDependencyConstraintGenerateInDDL>
</FKIndexAssociation>