<?xml version = '1.0' encoding = 'UTF-8'?>
<FKIndexAssociation class="oracle.dbtools.crest.model.design.relational.FKIndexAssociation" directorySegmentName="seg_0" id="DBFEC497-ACDE-78DF-8C54-61D0C066B285" containerWithKeyObject="D281E241-0DE3-041C-2B0C-830705FDAB44" localFKIndex="9BE5A1F1-AA9D-62E9-1C10-522700AB2A5C" name="SCHEDULE_TRUCK_FK">
<createdBy>hussainabuwala</createdBy>
<createdTime>2017-05-07 10:45:43 UTC</createdTime>
<generatorID>2533145A-AF3C-CAA3-DE4B-2A66022F87B3</generatorID>
<ownerDesignName>assignment2_logical_model</ownerDesignName>
<deleteRule>NO ACTION</deleteRule>
<referredTableID>39C13B0E-3CA9-65B1-580E-2631FC600B21</referredTableID>
<keyObject>ECAF79B2-D0D7-FDBC-A99D-6CC88B5457CA</keyObject>
<referredKeyID>ECAF79B2-D0D7-FDBC-A99D-6CC88B5457CA</referredKeyID>
<mandatory>true</mandatory>
<transferable>true</transferable>
<rely>false</rely>
<columnDependencyConstraintGenerateInDDL>true</columnDependencyConstraintGenerateInDDL>
</FKIndexAssociation>