<?xml version = '1.0' encoding = 'UTF-8'?>
<FKIndexAssociation class="oracle.dbtools.crest.model.design.relational.FKIndexAssociation" directorySegmentName="seg_0" id="DEC7A335-64C5-B5C7-3D97-13E40DBCD95A" containerWithKeyObject="A6B46946-83B8-E170-5D4F-A26025B482A4" localFKIndex="DAC0E54B-7923-418F-EA43-83BF0070DDD1" name="BIN_CONTRACT_BIN_TYPE_FK">
<createdBy>hussainabuwala</createdBy>
<createdTime>2017-05-07 10:45:43 UTC</createdTime>
<generatorID>9B2EEDEC-F299-4ED1-E4A2-0150D3587843</generatorID>
<ownerDesignName>assignment2_logical_model</ownerDesignName>
<deleteRule>NO ACTION</deleteRule>
<referredTableID>8D9A7883-C96B-80C9-126D-7389744F8F0F</referredTableID>
<keyObject>C6D2FB24-A431-3962-F002-27F1D2999AE0</keyObject>
<referredKeyID>C6D2FB24-A431-3962-F002-27F1D2999AE0</referredKeyID>
<mandatory>true</mandatory>
<transferable>true</transferable>
<rely>false</rely>
<columnDependencyConstraintGenerateInDDL>true</columnDependencyConstraintGenerateInDDL>
</FKIndexAssociation>