<?xml version = '1.0' encoding = 'UTF-8'?>
<Table class="oracle.dbtools.crest.model.design.relational.Table" directorySegmentName="seg_0" id="2D7B5CF6-56EC-1196-4E1E-5CBFF2CE58B5" name="PROPERTY">
<createdBy>hussainabuwala</createdBy>
<createdTime>2017-05-07 08:37:19 UTC</createdTime>
<generatorID>9B9D4858-8EC7-45CF-6ABB-6FCE2DB7D337</generatorID>
<ownerDesignName>assignment2_logical_model</ownerDesignName>
<allowColumnReorder>false</allowColumnReorder>
<existDependencyGenerateInDDl>true</existDependencyGenerateInDDl>
<parsed>true</parsed>
<columns itemClass="oracle.dbtools.crest.model.design.relational.Column">
<Column name="property_id" id="E9F201DC-1623-FAAF-E586-324B581DC389">
<createdBy>hussainabuwala</createdBy>
<createdTime>2017-05-07 08:37:19 UTC</createdTime>
<comment>id which uniquely identifies a property</comment>
<generatorID>49F0EE39-E4EA-F6F5-5A29-A25FAFF10CB8</generatorID>
<ownerDesignName>assignment2_logical_model</ownerDesignName>
<useDomainConstraints>false</useDomainConstraints>
<use>1</use>
<logicalDatatype>LOGDT019</logicalDatatype>
<dataTypePrecision>7</dataTypePrecision>
<ownDataTypeParameters>,7,</ownDataTypeParameters>
<autoIncrementColumn>true</autoIncrementColumn>
<autoIncrementCycle>false</autoIncrementCycle>
<autoIncrementSequenceName>seq_property_id</autoIncrementSequenceName>
<autoIncrementGenerateTrigger>false</autoIncrementGenerateTrigger>
</Column>
<Column name="property_address" id="4C4E598C-0B58-C062-B779-2AEEE466D8C2">
<createdBy>hussainabuwala</createdBy>
<createdTime>2017-05-07 08:37:19 UTC</createdTime>
<comment>address of the property</comment>
<generatorID>7904B10A-0F60-8496-A1CC-0366B3E7523B</generatorID>
<ownerDesignName>assignment2_logical_model</ownerDesignName>
<useDomainConstraints>false</useDomainConstraints>
<use>1</use>
<logicalDatatype>LOGDT024</logicalDatatype>
<dataTypeSize>50</dataTypeSize>
<ownDataTypeParameters>50,,</ownDataTypeParameters>
<autoIncrementCycle>false</autoIncrementCycle>
</Column>
<Column name="COUNCIL_council_name" id="CFD565C3-9111-4BED-5C0E-3464390E00D6">
<createdBy>hussainabuwala</createdBy>
<createdTime>2017-05-07 08:37:19 UTC</createdTime>
<comment>This is the name of the council</comment>
<generatorID>DBCC0C27-3DAC-9249-DFE3-CD6158D15D30</generatorID>
<ownerDesignName>assignment2_logical_model</ownerDesignName>
<useDomainConstraints>false</useDomainConstraints>
<use>1</use>
<logicalDatatype>LOGDT024</logicalDatatype>
<dataTypeSize>50</dataTypeSize>
<ownDataTypeParameters>,,</ownDataTypeParameters>
<previousColumn>false</previousColumn>
<autoIncrementCycle>false</autoIncrementCycle>
<associations>
<colAssociation fkAssociation="1BE4BC15-DFB6-8DC1-23F0-3AD4F383DB85" referredColumn="3428A0DE-B3A6-04D1-9CC2-B317992275CE"/>
</associations>
</Column>
</columns>
<indexes itemClass="oracle.dbtools.crest.model.design.relational.Index">
<ind_PK_UK id="A3074038-E362-76AA-E7A9-4D2BF8A3F9B4" name="PROPERTY_PK">
<createdBy>hussainabuwala</createdBy>
<createdTime>2017-05-07 08:37:19 UTC</createdTime>
<generatorID>46385F35-0801-7DD9-F341-797716051D12</generatorID>
<ownerDesignName>assignment2_logical_model</ownerDesignName>
<pk>true</pk>
<indexState>Primary Constraint</indexState>
<isSurrogateKey>false</isSurrogateKey>
<indexColumnUsage>
<colUsage columnID="E9F201DC-1623-FAAF-E586-324B581DC389"/>
</indexColumnUsage>
</ind_PK_UK>
<ind_PK_UK id="5D64C663-3628-538D-69EF-3F243C933251" name="PROPERTY_COUNCIL_FK">
<createdBy>hussainabuwala</createdBy>
<createdTime>2017-05-07 08:37:19 UTC</createdTime>
<generatorID>1F21973A-6B3F-42F4-A642-FA293A6F0E81</generatorID>
<ownerDesignName>assignment2_logical_model</ownerDesignName>
<indexState>Foreign Key</indexState>
<isSurrogateKey>false</isSurrogateKey>
<indexColumnUsage>
<colUsage columnID="CFD565C3-9111-4BED-5C0E-3464390E00D6"/>
</indexColumnUsage>
</ind_PK_UK>
</indexes>
</Table>