<?xml version = '1.0' encoding = 'UTF-8'?>
<Table class="oracle.dbtools.crest.model.design.relational.Table" directorySegmentName="seg_0" id="387D7C1B-8D1F-5C8B-F386-E67BFCAA975F" name="COL_CONTRACT">
<createdBy>hussainabuwala</createdBy>
<createdTime>2017-05-07 08:37:19 UTC</createdTime>
<generatorID>2966C86A-1C7A-F009-16FA-AC508B5D9173</generatorID>
<ownerDesignName>assignment2_logical_model</ownerDesignName>
<allowColumnReorder>false</allowColumnReorder>
<existDependencyGenerateInDDl>true</existDependencyGenerateInDDl>
<parsed>true</parsed>
<columns itemClass="oracle.dbtools.crest.model.design.relational.Column">
<Column name="collection_type" id="0EBC4F6A-AA3A-BD14-4542-6892E9879587">
<createdBy>hussainabuwala</createdBy>
<createdTime>2017-05-07 08:37:19 UTC</createdTime>
<comment>this is the primary key which gives which type of collection</comment>
<generatorID>43FD4DAF-F03A-A91F-2349-93D6492FACA2</generatorID>
<ownerDesignName>assignment2_logical_model</ownerDesignName>
<useDomainConstraints>false</useDomainConstraints>
<use>1</use>
<logicalDatatype>LOGDT024</logicalDatatype>
<dataTypeSize>50</dataTypeSize>
<ownDataTypeParameters>50,,</ownDataTypeParameters>
<autoIncrementCycle>false</autoIncrementCycle>
</Column>
<Column name="collection_cost" id="3F6B466A-1460-494A-E605-1EA07D889984">
<createdBy>hussainabuwala</createdBy>
<createdTime>2017-05-07 08:37:19 UTC</createdTime>
<comment>cost of the collection</comment>
<generatorID>A10E5111-2818-6AEF-94A4-E0520B901B7A</generatorID>
<ownerDesignName>assignment2_logical_model</ownerDesignName>
<constraintName>chk_collection_cost</constraintName>
<useDomainConstraints>false</useDomainConstraints>
<use>1</use>
<logicalDatatype>LOGDT019</logicalDatatype>
<dataTypePrecision>7</dataTypePrecision>
<checkConstraint>
<implementationDef dbType="Oracle Database 11g" definition="collection_cost &gt; 0"/>
</checkConstraint>
<ownDataTypeParameters>,7,</ownDataTypeParameters>
<autoIncrementCycle>false</autoIncrementCycle>
</Column>
<Column name="CONTRACT_contract_no" id="2BB1C255-0F5C-6F71-13B8-FD79433CCFB2">
<createdBy>hussainabuwala</createdBy>
<createdTime>2017-05-07 08:37:19 UTC</createdTime>
<comment>This is the primary key. each contract is identified using its contract number.</comment>
<generatorID>036C6319-FB1B-85EA-66C3-ECA4964D9780</generatorID>
<ownerDesignName>assignment2_logical_model</ownerDesignName>
<useDomainConstraints>false</useDomainConstraints>
<use>1</use>
<logicalDatatype>LOGDT019</logicalDatatype>
<dataTypePrecision>7</dataTypePrecision>
<ownDataTypeParameters>,,</ownDataTypeParameters>
<previousColumn>false</previousColumn>
<autoIncrementCycle>false</autoIncrementCycle>
<associations>
<colAssociation fkAssociation="88E65EFD-3C7B-75F1-8B40-636B80587DE5" referredColumn="B1BA9C0E-A46E-9576-1141-C0A6109A5229"/>
</associations>
</Column>
</columns>
<indexes itemClass="oracle.dbtools.crest.model.design.relational.Index">
<ind_PK_UK id="B7216AE3-C039-50BC-0C5F-8888A6CD63CB" name="COLL_PK">
<createdBy>hussainabuwala</createdBy>
<createdTime>2017-05-07 08:37:19 UTC</createdTime>
<generatorID>AC104124-657A-0A71-513F-42CF71B9F3D9</generatorID>
<ownerDesignName>assignment2_logical_model</ownerDesignName>
<pk>true</pk>
<indexState>Primary Constraint</indexState>
<isSurrogateKey>false</isSurrogateKey>
<indexColumnUsage>
<colUsage columnID="0EBC4F6A-AA3A-BD14-4542-6892E9879587"/>
<colUsage columnID="2BB1C255-0F5C-6F71-13B8-FD79433CCFB2"/>
</indexColumnUsage>
</ind_PK_UK>
<ind_PK_UK id="30D4C34F-B188-E426-8C68-5114D3181DF3" name="COLL_CONTRACT_FK">
<createdBy>hussainabuwala</createdBy>
<createdTime>2017-05-07 08:37:19 UTC</createdTime>
<generatorID>2E45BFBE-5755-616B-F85B-A55480C2FBF5</generatorID>
<ownerDesignName>assignment2_logical_model</ownerDesignName>
<indexState>Foreign Key</indexState>
<isSurrogateKey>false</isSurrogateKey>
<indexColumnUsage>
<colUsage columnID="2BB1C255-0F5C-6F71-13B8-FD79433CCFB2"/>
</indexColumnUsage>
</ind_PK_UK>
</indexes>
</Table>