<?xml version = '1.0' encoding = 'UTF-8'?>
<Table class="oracle.dbtools.crest.model.design.relational.Table" directorySegmentName="seg_0" id="3D797E55-FA19-79EF-4508-0F3F6D913E06" name="SCHEDULE">
<createdBy>hussainabuwala</createdBy>
<createdTime>2017-05-07 08:37:19 UTC</createdTime>
<generatorID>6A451451-3E41-51EE-01AB-DC98E94AE351</generatorID>
<ownerDesignName>assignment2_logical_model</ownerDesignName>
<allowColumnReorder>false</allowColumnReorder>
<existDependencyGenerateInDDl>true</existDependencyGenerateInDDl>
<parsed>true</parsed>
<columns itemClass="oracle.dbtools.crest.model.design.relational.Column">
<Column name="schdeule_id" id="F0A96389-415B-59B0-A69C-0151A435E650">
<createdBy>hussainabuwala</createdBy>
<createdTime>2017-05-07 08:37:19 UTC</createdTime>
<comment>id which identifies a specific request</comment>
<generatorID>75BE177D-078B-4C0F-28FF-5C8D5575CD21</generatorID>
<ownerDesignName>assignment2_logical_model</ownerDesignName>
<useDomainConstraints>false</useDomainConstraints>
<use>1</use>
<logicalDatatype>LOGDT019</logicalDatatype>
<dataTypePrecision>7</dataTypePrecision>
<ownDataTypeParameters>,7,</ownDataTypeParameters>
<autoIncrementColumn>true</autoIncrementColumn>
<autoIncrementCycle>false</autoIncrementCycle>
<autoIncrementSequenceName>seq_schedule_id</autoIncrementSequenceName>
</Column>
<Column name="schedule_date" id="ACA5F0BA-E52E-1AD6-E716-6CF7958A8FEA">
<createdBy>hussainabuwala</createdBy>
<createdTime>2017-05-07 08:37:19 UTC</createdTime>
<comment>date of schedule</comment>
<generatorID>328242D5-8909-991A-A1E5-59A8F2E61F3A</generatorID>
<ownerDesignName>assignment2_logical_model</ownerDesignName>
<useDomainConstraints>false</useDomainConstraints>
<use>1</use>
<logicalDatatype>LOGDT007</logicalDatatype>
<ownDataTypeParameters>,,</ownDataTypeParameters>
<autoIncrementCycle>false</autoIncrementCycle>
</Column>
<Column name="TRUCK_tvi_no" id="29E8D289-48A3-9F7A-6183-F25B926E50F9">
<createdBy>hussainabuwala</createdBy>
<createdTime>2017-05-07 08:37:19 UTC</createdTime>
<comment>this uniquely identifies a truck</comment>
<generatorID>9DE0E57B-FF62-4FF7-8B72-0F884B8657CB</generatorID>
<ownerDesignName>assignment2_logical_model</ownerDesignName>
<useDomainConstraints>false</useDomainConstraints>
<use>1</use>
<logicalDatatype>LOGDT019</logicalDatatype>
<dataTypePrecision>7</dataTypePrecision>
<ownDataTypeParameters>,,</ownDataTypeParameters>
<previousColumn>false</previousColumn>
<autoIncrementCycle>false</autoIncrementCycle>
<associations>
<colAssociation fkAssociation="8BD1259E-A0EC-FA39-8A45-9CE60DC71854" referredColumn="F80D4962-7B4E-2768-6B64-31F13E4BEEF0"/>
</associations>
</Column>
<Column name="DRIVER_license_no" id="6FE09381-1094-97A7-D7E9-38F5FC37B7F6">
<createdBy>hussainabuwala</createdBy>
<createdTime>2017-05-07 08:37:19 UTC</createdTime>
<comment>this uniquely identifies a specific driver</comment>
<generatorID>EF6A79AE-265A-FB89-9E1A-7BEBF8787F39</generatorID>
<ownerDesignName>assignment2_logical_model</ownerDesignName>
<useDomainConstraints>false</useDomainConstraints>
<use>1</use>
<logicalDatatype>LOGDT019</logicalDatatype>
<dataTypePrecision>7</dataTypePrecision>
<ownDataTypeParameters>,,</ownDataTypeParameters>
<previousColumn>false</previousColumn>
<autoIncrementCycle>false</autoIncrementCycle>
<associations>
<colAssociation fkAssociation="1FEB0AD3-1503-E0A0-1019-1021076897A6" referredColumn="79064E22-D1C5-7E59-30EE-340F75168DDF"/>
</associations>
</Column>
<Column name="DRIVER_license_no2" id="C3414121-56A6-6DC0-DAF9-331BBC898296">
<createdBy>hussainabuwala</createdBy>
<createdTime>2017-05-07 08:37:19 UTC</createdTime>
<comment>this uniquely identifies a specific driver</comment>
<generatorID>C138CD39-CD2A-C990-0866-EE209549BF35</generatorID>
<ownerDesignName>assignment2_logical_model</ownerDesignName>
<useDomainConstraints>false</useDomainConstraints>
<use>1</use>
<logicalDatatype>LOGDT019</logicalDatatype>
<dataTypePrecision>7</dataTypePrecision>
<ownDataTypeParameters>,,</ownDataTypeParameters>
<previousColumn>false</previousColumn>
<autoIncrementCycle>false</autoIncrementCycle>
<associations>
<colAssociation fkAssociation="B02A074D-3590-9299-6A36-CBF1159144FC" referredColumn="79064E22-D1C5-7E59-30EE-340F75168DDF"/>
</associations>
</Column>
</columns>
<indexes itemClass="oracle.dbtools.crest.model.design.relational.Index">
<ind_PK_UK id="863519B6-BB82-7A27-6CBE-0C79666E090B" name="SCHEDULE_PK">
<createdBy>hussainabuwala</createdBy>
<createdTime>2017-05-07 08:37:19 UTC</createdTime>
<generatorID>44945093-AD34-BA25-3849-7BE4849C2166</generatorID>
<ownerDesignName>assignment2_logical_model</ownerDesignName>
<pk>true</pk>
<indexState>Primary Constraint</indexState>
<isSurrogateKey>false</isSurrogateKey>
<indexColumnUsage>
<colUsage columnID="F0A96389-415B-59B0-A69C-0151A435E650"/>
</indexColumnUsage>
</ind_PK_UK>
<ind_PK_UK id="5DDFC3D4-769C-6B42-7922-AC6B26DF8B90" name="SCHEDULE_TRUCK_FK">
<createdBy>hussainabuwala</createdBy>
<createdTime>2017-05-07 08:37:19 UTC</createdTime>
<generatorID>2533145A-AF3C-CAA3-DE4B-2A66022F87B3</generatorID>
<ownerDesignName>assignment2_logical_model</ownerDesignName>
<indexState>Foreign Key</indexState>
<isSurrogateKey>false</isSurrogateKey>
<indexColumnUsage>
<colUsage columnID="29E8D289-48A3-9F7A-6183-F25B926E50F9"/>
</indexColumnUsage>
</ind_PK_UK>
<ind_PK_UK id="1670F991-BA67-8564-DB25-F22D0A8B685E" name="SCHEDULE_DRIVER_FK">
<createdBy>hussainabuwala</createdBy>
<createdTime>2017-05-07 08:37:19 UTC</createdTime>
<generatorID>14028D20-A6B1-DB4F-7104-7A7FCB8EB972</generatorID>
<ownerDesignName>assignment2_logical_model</ownerDesignName>
<indexState>Foreign Key</indexState>
<isSurrogateKey>false</isSurrogateKey>
<indexColumnUsage>
<colUsage columnID="6FE09381-1094-97A7-D7E9-38F5FC37B7F6"/>
</indexColumnUsage>
</ind_PK_UK>
<ind_PK_UK id="929D3848-F48A-0F78-85A5-66A710F8D498" name="SCHEDULE_DRIVER_FKv2">
<createdBy>hussainabuwala</createdBy>
<createdTime>2017-05-07 08:37:19 UTC</createdTime>
<generatorID>E958ADAD-98E1-748C-CFD2-CED9F0D73EAB</generatorID>
<ownerDesignName>assignment2_logical_model</ownerDesignName>
<indexState>Foreign Key</indexState>
<isSurrogateKey>false</isSurrogateKey>
<indexColumnUsage>
<colUsage columnID="C3414121-56A6-6DC0-DAF9-331BBC898296"/>
</indexColumnUsage>
</ind_PK_UK>
</indexes>
</Table>