<?xml version = '1.0' encoding = 'UTF-8'?>
<Table class="oracle.dbtools.crest.model.design.relational.Table" directorySegmentName="seg_0" id="703B3580-D8E2-3DCF-80EE-752CF9C4F399" name="BIN_TYPE">
<createdBy>hussainabuwala</createdBy>
<createdTime>2017-05-07 08:37:19 UTC</createdTime>
<generatorID>48080443-43F1-B3B1-45B4-6BFD4CA8F43C</generatorID>
<ownerDesignName>assignment2_logical_model</ownerDesignName>
<allowColumnReorder>false</allowColumnReorder>
<existDependencyGenerateInDDl>true</existDependencyGenerateInDDl>
<parsed>true</parsed>
<columns itemClass="oracle.dbtools.crest.model.design.relational.Column">
<Column name="bin_type" id="253D43E9-CE05-132B-D016-C9B002EEE711">
<createdBy>hussainabuwala</createdBy>
<createdTime>2017-05-07 08:37:19 UTC</createdTime>
<comment>type of bin</comment>
<generatorID>F4205E33-188C-B840-6350-B5738D5F7597</generatorID>
<ownerDesignName>assignment2_logical_model</ownerDesignName>
<useDomainConstraints>false</useDomainConstraints>
<use>1</use>
<logicalDatatype>LOGDT024</logicalDatatype>
<dataTypeSize>10</dataTypeSize>
<ownDataTypeParameters>10,,</ownDataTypeParameters>
<autoIncrementCycle>false</autoIncrementCycle>
</Column>
<Column name="volum_bin" id="1FC35D87-1817-7E35-046E-E5BC0E1C2CB7">
<createdBy>hussainabuwala</createdBy>
<createdTime>2017-05-07 08:37:19 UTC</createdTime>
<comment>volum of the bin</comment>
<generatorID>54F7BAC0-C79E-9256-EA62-DDB926737740</generatorID>
<ownerDesignName>assignment2_logical_model</ownerDesignName>
<constraintName>chk_volume</constraintName>
<useDomainConstraints>false</useDomainConstraints>
<use>1</use>
<logicalDatatype>LOGDT019</logicalDatatype>
<dataTypePrecision>7</dataTypePrecision>
<checkConstraint>
<implementationDef dbType="Oracle Database 11g" definition="(volum_bin = 40 OR volum_bin = 80 OR volum_bin = 100)"/>
</checkConstraint>
<ownDataTypeParameters>,7,</ownDataTypeParameters>
<autoIncrementCycle>false</autoIncrementCycle>
</Column>
</columns>
<indexes itemClass="oracle.dbtools.crest.model.design.relational.Index">
<ind_PK_UK id="8F73AB16-8D81-F626-8887-C71499C62667" name="BIN_TYPE_PK">
<createdBy>hussainabuwala</createdBy>
<createdTime>2017-05-07 08:37:19 UTC</createdTime>
<generatorID>65859DAB-4187-C7AF-C0BE-C7517D504589</generatorID>
<ownerDesignName>assignment2_logical_model</ownerDesignName>
<pk>true</pk>
<indexState>Primary Constraint</indexState>
<isSurrogateKey>false</isSurrogateKey>
<indexColumnUsage>
<colUsage columnID="253D43E9-CE05-132B-D016-C9B002EEE711"/>
<colUsage columnID="1FC35D87-1817-7E35-046E-E5BC0E1C2CB7"/>
</indexColumnUsage>
</ind_PK_UK>
</indexes>
</Table>