<?xml version = '1.0' encoding = 'UTF-8'?>
<Table class="oracle.dbtools.crest.model.design.relational.Table" directorySegmentName="seg_0" id="7EF464CF-3587-F62E-B6B4-73A728582C82" name="TRUCK">
<createdBy>hussainabuwala</createdBy>
<createdTime>2017-05-07 08:37:19 UTC</createdTime>
<generatorID>B2F4637C-0715-F7A4-7BE6-BE8788003893</generatorID>
<ownerDesignName>assignment2_logical_model</ownerDesignName>
<allowColumnReorder>false</allowColumnReorder>
<existDependencyGenerateInDDl>true</existDependencyGenerateInDDl>
<parsed>true</parsed>
<columns itemClass="oracle.dbtools.crest.model.design.relational.Column">
<Column name="tvi_no" id="F80D4962-7B4E-2768-6B64-31F13E4BEEF0">
<createdBy>hussainabuwala</createdBy>
<createdTime>2017-05-07 08:37:19 UTC</createdTime>
<comment>this uniquely identifies a truck</comment>
<generatorID>611F952C-1350-FA9C-C065-091B25A70B82</generatorID>
<ownerDesignName>assignment2_logical_model</ownerDesignName>
<useDomainConstraints>false</useDomainConstraints>
<use>1</use>
<logicalDatatype>LOGDT019</logicalDatatype>
<dataTypePrecision>7</dataTypePrecision>
<ownDataTypeParameters>,7,</ownDataTypeParameters>
<autoIncrementColumn>true</autoIncrementColumn>
<autoIncrementStartWith>1000</autoIncrementStartWith>
<autoIncrementCycle>false</autoIncrementCycle>
<autoIncrementSequenceName>seq_truck_no</autoIncrementSequenceName>
<autoIncrementGenerateTrigger>false</autoIncrementGenerateTrigger>
</Column>
<Column name="registration_no" id="EFF99903-AE4C-CD66-0285-D533AEBA486E">
<createdBy>hussainabuwala</createdBy>
<createdTime>2017-05-07 08:37:19 UTC</createdTime>
<comment>registration number of the truck</comment>
<generatorID>D8DDB7F5-AD87-2529-E437-D8C0E9062C65</generatorID>
<ownerDesignName>assignment2_logical_model</ownerDesignName>
<useDomainConstraints>false</useDomainConstraints>
<use>1</use>
<logicalDatatype>LOGDT019</logicalDatatype>
<dataTypePrecision>7</dataTypePrecision>
<ownDataTypeParameters>,7,</ownDataTypeParameters>
<autoIncrementCycle>false</autoIncrementCycle>
</Column>
<Column name="make" id="DCBA233B-0AC5-6972-7785-A890AF89D6E4">
<createdBy>hussainabuwala</createdBy>
<createdTime>2017-05-07 08:37:19 UTC</createdTime>
<comment>made in which country</comment>
<generatorID>C08310CF-2F70-75A7-6E44-D932F00A6606</generatorID>
<ownerDesignName>assignment2_logical_model</ownerDesignName>
<useDomainConstraints>false</useDomainConstraints>
<use>1</use>
<logicalDatatype>LOGDT024</logicalDatatype>
<dataTypeSize>50</dataTypeSize>
<ownDataTypeParameters>50,,</ownDataTypeParameters>
<autoIncrementCycle>false</autoIncrementCycle>
</Column>
<Column name="model" id="7417A8FB-2B4E-29DA-32E2-AD1EE02F3BEB">
<createdBy>hussainabuwala</createdBy>
<createdTime>2017-05-07 08:37:19 UTC</createdTime>
<comment>which model</comment>
<generatorID>78571617-C17D-FAD7-F4CC-9C09267A2859</generatorID>
<ownerDesignName>assignment2_logical_model</ownerDesignName>
<useDomainConstraints>false</useDomainConstraints>
<use>1</use>
<logicalDatatype>LOGDT024</logicalDatatype>
<dataTypeSize>50</dataTypeSize>
<ownDataTypeParameters>50,,</ownDataTypeParameters>
<autoIncrementCycle>false</autoIncrementCycle>
</Column>
<Column name="year" id="829D0545-9946-B777-7E65-5B0323F88353">
<createdBy>hussainabuwala</createdBy>
<createdTime>2017-05-07 08:37:19 UTC</createdTime>
<comment>which year was thic car made</comment>
<generatorID>0A19FA96-F716-111F-0362-0549BD03892A</generatorID>
<ownerDesignName>assignment2_logical_model</ownerDesignName>
<useDomainConstraints>false</useDomainConstraints>
<use>1</use>
<logicalDatatype>LOGDT019</logicalDatatype>
<dataTypePrecision>7</dataTypePrecision>
<ownDataTypeParameters>,7,</ownDataTypeParameters>
<autoIncrementCycle>false</autoIncrementCycle>
</Column>
<Column name="current_avaibility" id="23E32A27-D578-F576-0F54-5B9F4E9F54E9">
<createdBy>hussainabuwala</createdBy>
<createdTime>2017-05-07 08:37:19 UTC</createdTime>
<comment>is the car available or not</comment>
<generatorID>F09968D5-415D-40FC-86A1-636E0A782193</generatorID>
<ownerDesignName>assignment2_logical_model</ownerDesignName>
<constraintName>chk_avaibility</constraintName>
<useDomainConstraints>false</useDomainConstraints>
<use>1</use>
<logicalDatatype>LOGDT024</logicalDatatype>
<dataTypeSize>1</dataTypeSize>
<checkConstraint>
<implementationDef dbType="Oracle Database 11g" definition="(current_avaibility = &apos;Y&apos; OR current_avaibility = &apos;N&apos;)"/>
</checkConstraint>
<ownDataTypeParameters>1,,</ownDataTypeParameters>
<autoIncrementCycle>false</autoIncrementCycle>
</Column>
</columns>
<indexes itemClass="oracle.dbtools.crest.model.design.relational.Index">
<ind_PK_UK id="8FE8910E-56C3-5247-0F04-A2BC3AE90F73" name="TRUCK_PK">
<createdBy>hussainabuwala</createdBy>
<createdTime>2017-05-07 08:37:19 UTC</createdTime>
<generatorID>9DAB2502-CD13-90C8-019F-2C06F5AE31C6</generatorID>
<ownerDesignName>assignment2_logical_model</ownerDesignName>
<pk>true</pk>
<indexState>Primary Constraint</indexState>
<isSurrogateKey>false</isSurrogateKey>
<indexColumnUsage>
<colUsage columnID="F80D4962-7B4E-2768-6B64-31F13E4BEEF0"/>
</indexColumnUsage>
</ind_PK_UK>
</indexes>
</Table>