<?xml version = '1.0' encoding = 'UTF-8'?>
<Table class="oracle.dbtools.crest.model.design.relational.Table" directorySegmentName="seg_0" id="89C464D8-D97E-5BFA-C2E8-84CB8FEAF6EC" name="BIN_CONTRACT">
<createdBy>hussainabuwala</createdBy>
<createdTime>2017-05-07 08:37:19 UTC</createdTime>
<generatorID>210521E9-2148-A0DF-A96B-410D5188A778</generatorID>
<ownerDesignName>assignment2_logical_model</ownerDesignName>
<allowColumnReorder>false</allowColumnReorder>
<existDependencyGenerateInDDl>true</existDependencyGenerateInDDl>
<parsed>true</parsed>
<columns itemClass="oracle.dbtools.crest.model.design.relational.Column">
<Column name="bin_cost" id="A2F2F0D5-F36B-A7A4-65E9-6D08116746B1">
<createdBy>hussainabuwala</createdBy>
<createdTime>2017-05-07 08:37:19 UTC</createdTime>
<comment>cost of the bin</comment>
<generatorID>B5E58E27-1167-240E-BC80-92FF7C971A8B</generatorID>
<ownerDesignName>assignment2_logical_model</ownerDesignName>
<constraintName>chk_bin_cost</constraintName>
<useDomainConstraints>false</useDomainConstraints>
<use>1</use>
<logicalDatatype>LOGDT019</logicalDatatype>
<dataTypePrecision>7</dataTypePrecision>
<checkConstraint>
<implementationDef dbType="Oracle Database 11g" definition="bin_cost &gt; 0"/>
</checkConstraint>
<ownDataTypeParameters>,7,</ownDataTypeParameters>
<autoIncrementCycle>false</autoIncrementCycle>
</Column>
<Column name="CONTRACT_contract_no" id="895C05CD-60B5-9628-A2E7-CDD22DED9D23">
<createdBy>hussainabuwala</createdBy>
<createdTime>2017-05-07 08:37:19 UTC</createdTime>
<comment>This is the primary key. each contract is identified using its contract number.</comment>
<generatorID>B93C4655-9CEC-51E5-330C-7C97E0CDF5B6</generatorID>
<ownerDesignName>assignment2_logical_model</ownerDesignName>
<useDomainConstraints>false</useDomainConstraints>
<use>1</use>
<logicalDatatype>LOGDT019</logicalDatatype>
<dataTypePrecision>7</dataTypePrecision>
<ownDataTypeParameters>,,</ownDataTypeParameters>
<previousColumn>false</previousColumn>
<autoIncrementCycle>false</autoIncrementCycle>
<associations>
<colAssociation fkAssociation="7953818F-BB0E-8EE1-9726-7EA748E17858" referredColumn="B1BA9C0E-A46E-9576-1141-C0A6109A5229"/>
</associations>
</Column>
<Column name="BIN_TYPE_bin_type" id="1ECE812E-042E-46A9-4C8F-142EC4B6277A">
<createdBy>hussainabuwala</createdBy>
<createdTime>2017-05-07 08:37:19 UTC</createdTime>
<comment>type of bin</comment>
<generatorID>AFFE74AC-53F6-F0F3-4655-816B805FF45D</generatorID>
<ownerDesignName>assignment2_logical_model</ownerDesignName>
<useDomainConstraints>false</useDomainConstraints>
<use>1</use>
<logicalDatatype>LOGDT024</logicalDatatype>
<dataTypeSize>10</dataTypeSize>
<ownDataTypeParameters>,,</ownDataTypeParameters>
<previousColumn>false</previousColumn>
<autoIncrementCycle>false</autoIncrementCycle>
<associations>
<colAssociation fkAssociation="B0E42308-2462-ADB8-50AA-9B452BC3866C" referredColumn="253D43E9-CE05-132B-D016-C9B002EEE711"/>
</associations>
</Column>
<Column name="BIN_TYPE_volum_bin" id="FFBEBDE7-B6C8-746A-7239-6843EFC580FB">
<createdBy>hussainabuwala</createdBy>
<createdTime>2017-05-07 08:37:19 UTC</createdTime>
<comment>volum of the bin</comment>
<generatorID>0CB84CEA-AC0F-D6BC-6771-E12861092541</generatorID>
<ownerDesignName>assignment2_logical_model</ownerDesignName>
<constraintName>chk_bin_volume</constraintName>
<useDomainConstraints>false</useDomainConstraints>
<use>1</use>
<logicalDatatype>LOGDT019</logicalDatatype>
<dataTypePrecision>7</dataTypePrecision>
<checkConstraint>
<implementationDef dbType="Oracle Database 11g" definition="(volum_bin = 40 OR volum_bin = 80 OR volum_bin = 100)"/>
</checkConstraint>
<ownDataTypeParameters>,,</ownDataTypeParameters>
<previousColumn>false</previousColumn>
<autoIncrementCycle>false</autoIncrementCycle>
<associations>
<colAssociation fkAssociation="B0E42308-2462-ADB8-50AA-9B452BC3866C" referredColumn="1FC35D87-1817-7E35-046E-E5BC0E1C2CB7"/>
</associations>
</Column>
</columns>
<indexes itemClass="oracle.dbtools.crest.model.design.relational.Index">
<ind_PK_UK id="BC939BD8-C620-B899-613C-AB9CB2DACB66" name="BIN_CONTRACT_PK">
<createdBy>hussainabuwala</createdBy>
<createdTime>2017-05-07 08:37:19 UTC</createdTime>
<generatorID>DAD3936A-B01D-00DB-56CB-1970B1803D1E</generatorID>
<ownerDesignName>assignment2_logical_model</ownerDesignName>
<pk>true</pk>
<indexState>Primary Constraint</indexState>
<isSurrogateKey>false</isSurrogateKey>
<indexColumnUsage>
<colUsage columnID="895C05CD-60B5-9628-A2E7-CDD22DED9D23"/>
<colUsage columnID="1ECE812E-042E-46A9-4C8F-142EC4B6277A"/>
<colUsage columnID="FFBEBDE7-B6C8-746A-7239-6843EFC580FB"/>
</indexColumnUsage>
</ind_PK_UK>
<ind_PK_UK id="EA68F477-EDFE-995D-4317-67770C358A6A" name="BIN_CONTRACT_CONTRACT_FK">
<createdBy>hussainabuwala</createdBy>
<createdTime>2017-05-07 08:37:19 UTC</createdTime>
<generatorID>C93C0264-073A-1366-293F-06ADA3AFEEA2</generatorID>
<ownerDesignName>assignment2_logical_model</ownerDesignName>
<indexState>Foreign Key</indexState>
<isSurrogateKey>false</isSurrogateKey>
<indexColumnUsage>
<colUsage columnID="895C05CD-60B5-9628-A2E7-CDD22DED9D23"/>
</indexColumnUsage>
</ind_PK_UK>
<ind_PK_UK id="45CED2C2-6081-9E4D-C7ED-6FCB0BC44970" name="BIN_CONTRACT_BIN_TYPE_FK">
<createdBy>hussainabuwala</createdBy>
<createdTime>2017-05-07 08:37:19 UTC</createdTime>
<generatorID>9B2EEDEC-F299-4ED1-E4A2-0150D3587843</generatorID>
<ownerDesignName>assignment2_logical_model</ownerDesignName>
<indexState>Foreign Key</indexState>
<isSurrogateKey>false</isSurrogateKey>
<indexColumnUsage>
<colUsage columnID="1ECE812E-042E-46A9-4C8F-142EC4B6277A"/>
<colUsage columnID="FFBEBDE7-B6C8-746A-7239-6843EFC580FB"/>
</indexColumnUsage>
</ind_PK_UK>
</indexes>
</Table>