<?xml version = '1.0' encoding = 'UTF-8'?>
<Table class="oracle.dbtools.crest.model.design.relational.Table" directorySegmentName="seg_0" id="A3335968-4A5D-F12C-1212-53FF478A5D65" name="INVOICE">
<createdBy>hussainabuwala</createdBy>
<createdTime>2017-05-07 08:37:19 UTC</createdTime>
<generatorID>9CC9B8D4-5251-699A-B9AC-F2178175B3F2</generatorID>
<ownerDesignName>assignment2_logical_model</ownerDesignName>
<allowColumnReorder>false</allowColumnReorder>
<existDependencyGenerateInDDl>true</existDependencyGenerateInDDl>
<parsed>true</parsed>
<columns itemClass="oracle.dbtools.crest.model.design.relational.Column">
<Column name="invoice_no" id="844BD1E5-6235-03EC-CDF8-4E049ACD9812">
<createdBy>hussainabuwala</createdBy>
<createdTime>2017-05-07 08:37:19 UTC</createdTime>
<comment>uniquley identifes each invoice</comment>
<generatorID>11BDCFEF-7E54-ECA7-E69C-682FC0D9600E</generatorID>
<ownerDesignName>assignment2_logical_model</ownerDesignName>
<useDomainConstraints>false</useDomainConstraints>
<use>1</use>
<logicalDatatype>LOGDT019</logicalDatatype>
<dataTypePrecision>7</dataTypePrecision>
<ownDataTypeParameters>,7,</ownDataTypeParameters>
<autoIncrementColumn>true</autoIncrementColumn>
<autoIncrementCycle>false</autoIncrementCycle>
<autoIncrementSequenceName>seq_invoice_no</autoIncrementSequenceName>
<autoIncrementGenerateTrigger>false</autoIncrementGenerateTrigger>
</Column>
<Column name="qtr_start_date" id="E3BB48DE-E3BF-CF4E-C78A-A6B37AC57D8D">
<createdBy>hussainabuwala</createdBy>
<createdTime>2017-05-07 08:37:19 UTC</createdTime>
<comment>start date of quarter</comment>
<generatorID>5DC626A6-6CEB-E5A1-BDF3-38F1AA33F219</generatorID>
<ownerDesignName>assignment2_logical_model</ownerDesignName>
<useDomainConstraints>false</useDomainConstraints>
<use>1</use>
<logicalDatatype>LOGDT007</logicalDatatype>
<ownDataTypeParameters>,,</ownDataTypeParameters>
<autoIncrementCycle>false</autoIncrementCycle>
</Column>
<Column name="qtr_end_date" id="F66BD821-D42D-B8DF-F8FF-8E202445F1E1">
<createdBy>hussainabuwala</createdBy>
<createdTime>2017-05-07 08:37:19 UTC</createdTime>
<comment>end quarter date</comment>
<generatorID>9492610B-21CE-8839-17AA-B3C672BD9770</generatorID>
<ownerDesignName>assignment2_logical_model</ownerDesignName>
<useDomainConstraints>false</useDomainConstraints>
<use>1</use>
<logicalDatatype>LOGDT007</logicalDatatype>
<ownDataTypeParameters>,,</ownDataTypeParameters>
<autoIncrementCycle>false</autoIncrementCycle>
</Column>
<Column name="CONTRACT_contract_no" id="77DB0106-0A61-0EC4-9FFB-0CE5F6B37809">
<createdBy>hussainabuwala</createdBy>
<createdTime>2017-05-07 08:37:19 UTC</createdTime>
<comment>This is the primary key. each contract is identified using its contract number.</comment>
<generatorID>34214F00-F270-A606-630E-149A2705135C</generatorID>
<ownerDesignName>assignment2_logical_model</ownerDesignName>
<useDomainConstraints>false</useDomainConstraints>
<use>1</use>
<logicalDatatype>LOGDT019</logicalDatatype>
<dataTypePrecision>7</dataTypePrecision>
<ownDataTypeParameters>,,</ownDataTypeParameters>
<previousColumn>false</previousColumn>
<autoIncrementCycle>false</autoIncrementCycle>
<associations>
<colAssociation fkAssociation="8E48F9F7-FBBF-90E0-FE97-54E384CEB87B" referredColumn="B1BA9C0E-A46E-9576-1141-C0A6109A5229"/>
</associations>
</Column>
</columns>
<indexes itemClass="oracle.dbtools.crest.model.design.relational.Index">
<ind_PK_UK id="A069E61C-9D7E-B99F-09DD-80478352E042" name="INVOICE_PK">
<createdBy>hussainabuwala</createdBy>
<createdTime>2017-05-07 08:37:19 UTC</createdTime>
<generatorID>4DB379F8-939D-A35B-A8D7-C63B774823FE</generatorID>
<ownerDesignName>assignment2_logical_model</ownerDesignName>
<pk>true</pk>
<indexState>Primary Constraint</indexState>
<isSurrogateKey>false</isSurrogateKey>
<indexColumnUsage>
<colUsage columnID="844BD1E5-6235-03EC-CDF8-4E049ACD9812"/>
</indexColumnUsage>
</ind_PK_UK>
<ind_PK_UK id="15FAE5F8-A897-4D6E-DE9C-34FC71E04AD6" name="INVOICE_CONTRACT_FK">
<createdBy>hussainabuwala</createdBy>
<createdTime>2017-05-07 08:37:19 UTC</createdTime>
<generatorID>EA056071-E496-626B-9E10-802CE5937C09</generatorID>
<ownerDesignName>assignment2_logical_model</ownerDesignName>
<indexState>Foreign Key</indexState>
<isSurrogateKey>false</isSurrogateKey>
<indexColumnUsage>
<colUsage columnID="77DB0106-0A61-0EC4-9FFB-0CE5F6B37809"/>
</indexColumnUsage>
</ind_PK_UK>
</indexes>
</Table>