<?xml version = '1.0' encoding = 'UTF-8'?>
<Table class="oracle.dbtools.crest.model.design.relational.Table" directorySegmentName="seg_0" id="DCF7B825-F20A-9F4C-49FD-F62DBB0C5828" name="COUNCIL">
<createdBy>hussainabuwala</createdBy>
<createdTime>2017-05-07 08:37:19 UTC</createdTime>
<generatorID>F69D0697-2811-0ACE-D48A-26B7DC402128</generatorID>
<ownerDesignName>assignment2_logical_model</ownerDesignName>
<allowColumnReorder>false</allowColumnReorder>
<existDependencyGenerateInDDl>true</existDependencyGenerateInDDl>
<parsed>true</parsed>
<columns itemClass="oracle.dbtools.crest.model.design.relational.Column">
<Column name="council_name" id="3428A0DE-B3A6-04D1-9CC2-B317992275CE">
<createdBy>hussainabuwala</createdBy>
<createdTime>2017-05-07 08:37:19 UTC</createdTime>
<comment>This is the name of the council</comment>
<generatorID>ADE72965-2301-A1B3-C250-678430B558D2</generatorID>
<ownerDesignName>assignment2_logical_model</ownerDesignName>
<useDomainConstraints>false</useDomainConstraints>
<use>1</use>
<logicalDatatype>LOGDT024</logicalDatatype>
<dataTypeSize>50</dataTypeSize>
<ownDataTypeParameters>50,,</ownDataTypeParameters>
<autoIncrementCycle>false</autoIncrementCycle>
</Column>
</columns>
<indexes itemClass="oracle.dbtools.crest.model.design.relational.Index">
<ind_PK_UK id="579A3931-945A-72D8-C153-FEDC55106230" name="COUNCIL_PK">
<createdBy>hussainabuwala</createdBy>
<createdTime>2017-05-07 08:37:19 UTC</createdTime>
<generatorID>AFC8CC99-C1DD-2ADA-458E-0835A7E0D314</generatorID>
<ownerDesignName>assignment2_logical_model</ownerDesignName>
<pk>true</pk>
<indexState>Primary Constraint</indexState>
<isSurrogateKey>false</isSurrogateKey>
<indexColumnUsage>
<colUsage columnID="3428A0DE-B3A6-04D1-9CC2-B317992275CE"/>
</indexColumnUsage>
</ind_PK_UK>
</indexes>
</Table>