<?xml version = '1.0' encoding = 'UTF-8'?>
<Table class="oracle.dbtools.crest.model.design.relational.Table" directorySegmentName="seg_0" id="F6462468-F35D-1675-F043-124FBB16A415" name="BIN">
<createdBy>hussainabuwala</createdBy>
<createdTime>2017-05-07 08:37:19 UTC</createdTime>
<generatorID>77A09AD7-A166-F2E9-FB03-B4FA9CA862BD</generatorID>
<ownerDesignName>assignment2_logical_model</ownerDesignName>
<allowColumnReorder>false</allowColumnReorder>
<existDependencyGenerateInDDl>true</existDependencyGenerateInDDl>
<parsed>true</parsed>
<columns itemClass="oracle.dbtools.crest.model.design.relational.Column">
<Column name="bin_id" id="6ABE3289-D53C-EA40-8F38-5E61935EB545">
<createdBy>hussainabuwala</createdBy>
<createdTime>2017-05-07 08:37:19 UTC</createdTime>
<comment>id which uniquely identifies a bin</comment>
<generatorID>33075DF7-2ED0-8777-86F5-D82D14A4B5A0</generatorID>
<ownerDesignName>assignment2_logical_model</ownerDesignName>
<useDomainConstraints>false</useDomainConstraints>
<use>1</use>
<logicalDatatype>LOGDT019</logicalDatatype>
<dataTypePrecision>7</dataTypePrecision>
<ownDataTypeParameters>,7,</ownDataTypeParameters>
<autoIncrementColumn>true</autoIncrementColumn>
<autoIncrementCycle>false</autoIncrementCycle>
<autoIncrementSequenceName>seq_bin_id</autoIncrementSequenceName>
<autoIncrementGenerateTrigger>false</autoIncrementGenerateTrigger>
</Column>
<Column name="PROPERTY_property_id" id="A39135F8-7C15-271F-67DC-BEAD377F15E4">
<createdBy>hussainabuwala</createdBy>
<createdTime>2017-05-07 08:37:19 UTC</createdTime>
<comment>id which uniquely identifies a property</comment>
<generatorID>69811767-DB23-E9DC-58B6-49C38D8528D9</generatorID>
<ownerDesignName>assignment2_logical_model</ownerDesignName>
<useDomainConstraints>false</useDomainConstraints>
<use>1</use>
<logicalDatatype>LOGDT019</logicalDatatype>
<dataTypePrecision>7</dataTypePrecision>
<ownDataTypeParameters>,,</ownDataTypeParameters>
<previousColumn>false</previousColumn>
<autoIncrementCycle>false</autoIncrementCycle>
<associations>
<colAssociation fkAssociation="11C952BF-93D9-7DDF-9012-DE5BE3D4415E" referredColumn="E9F201DC-1623-FAAF-E586-324B581DC389"/>
</associations>
</Column>
<Column name="BIN_TYPE_bin_type" id="396CA7CE-686A-A114-B490-37326F2DEFD2">
<createdBy>hussainabuwala</createdBy>
<createdTime>2017-05-07 08:37:19 UTC</createdTime>
<comment>type of bin</comment>
<generatorID>FE420808-CE8A-4B08-E04C-6787832AA054</generatorID>
<ownerDesignName>assignment2_logical_model</ownerDesignName>
<useDomainConstraints>false</useDomainConstraints>
<use>1</use>
<logicalDatatype>LOGDT024</logicalDatatype>
<dataTypeSize>10</dataTypeSize>
<ownDataTypeParameters>,,</ownDataTypeParameters>
<previousColumn>false</previousColumn>
<autoIncrementCycle>false</autoIncrementCycle>
<associations>
<colAssociation fkAssociation="8B318CF4-3CBA-7372-226B-EA9E8B7689BD" referredColumn="253D43E9-CE05-132B-D016-C9B002EEE711"/>
</associations>
</Column>
<Column name="BIN_TYPE_volum_bin" id="1B50BB51-CC7C-BEA6-893F-77C6A547A809">
<createdBy>hussainabuwala</createdBy>
<createdTime>2017-05-07 08:37:19 UTC</createdTime>
<comment>volum of the bin</comment>
<generatorID>72AF28A1-0DA0-7847-7222-9E9EA3361EDB</generatorID>
<ownerDesignName>assignment2_logical_model</ownerDesignName>
<constraintName>chk_volum_bin</constraintName>
<useDomainConstraints>false</useDomainConstraints>
<use>1</use>
<logicalDatatype>LOGDT019</logicalDatatype>
<dataTypePrecision>7</dataTypePrecision>
<checkConstraint>
<implementationDef dbType="Oracle Database 11g" definition="(volum_bin = 40 OR volum_bin = 80 OR volum_bin = 100)"/>
</checkConstraint>
<ownDataTypeParameters>,,</ownDataTypeParameters>
<previousColumn>false</previousColumn>
<autoIncrementCycle>false</autoIncrementCycle>
<associations>
<colAssociation fkAssociation="8B318CF4-3CBA-7372-226B-EA9E8B7689BD" referredColumn="1FC35D87-1817-7E35-046E-E5BC0E1C2CB7"/>
</associations>
</Column>
</columns>
<indexes itemClass="oracle.dbtools.crest.model.design.relational.Index">
<ind_PK_UK id="5C061B7D-176E-BBA7-9952-E4DEAE2F714E" name="BIN_PK">
<createdBy>hussainabuwala</createdBy>
<createdTime>2017-05-07 08:37:19 UTC</createdTime>
<generatorID>0CB45086-04AC-6D26-904E-C23861E510AC</generatorID>
<ownerDesignName>assignment2_logical_model</ownerDesignName>
<pk>true</pk>
<indexState>Primary Constraint</indexState>
<isSurrogateKey>false</isSurrogateKey>
<indexColumnUsage>
<colUsage columnID="6ABE3289-D53C-EA40-8F38-5E61935EB545"/>
</indexColumnUsage>
</ind_PK_UK>
<ind_PK_UK id="1795FA66-BD3D-E81B-AC49-BF4E31B9088A" name="BIN_PROPERTY_FK">
<createdBy>hussainabuwala</createdBy>
<createdTime>2017-05-07 08:37:19 UTC</createdTime>
<generatorID>4129FCA9-B42F-75AF-83D8-345D88D4BB0B</generatorID>
<ownerDesignName>assignment2_logical_model</ownerDesignName>
<indexState>Foreign Key</indexState>
<isSurrogateKey>false</isSurrogateKey>
<indexColumnUsage>
<colUsage columnID="A39135F8-7C15-271F-67DC-BEAD377F15E4"/>
</indexColumnUsage>
</ind_PK_UK>
<ind_PK_UK id="56546ACB-2E57-C9B4-E222-1CD337CDB8CF" name="BIN_BIN_TYPE_FK">
<createdBy>hussainabuwala</createdBy>
<createdTime>2017-05-07 08:37:19 UTC</createdTime>
<generatorID>07F2440C-76E5-2AEF-17EB-DCF4BBD30316</generatorID>
<ownerDesignName>assignment2_logical_model</ownerDesignName>
<indexState>Foreign Key</indexState>
<isSurrogateKey>false</isSurrogateKey>
<indexColumnUsage>
<colUsage columnID="396CA7CE-686A-A114-B490-37326F2DEFD2"/>
<colUsage columnID="1B50BB51-CC7C-BEA6-893F-77C6A547A809"/>
</indexColumnUsage>
</ind_PK_UK>
</indexes>
</Table>