<?xml version = '1.0' encoding = 'UTF-8'?>
<Table class="oracle.dbtools.crest.model.design.relational.Table" directorySegmentName="seg_0" id="F75609D2-9E3D-85EB-F8D7-BE97130077D2" name="BIN_REQUEST">
<createdBy>hussainabuwala</createdBy>
<createdTime>2017-05-07 08:37:19 UTC</createdTime>
<generatorID>07465248-D524-0871-F9B3-8179901D3633</generatorID>
<ownerDesignName>assignment2_logical_model</ownerDesignName>
<allowColumnReorder>false</allowColumnReorder>
<existDependencyGenerateInDDl>true</existDependencyGenerateInDDl>
<parsed>true</parsed>
<columns itemClass="oracle.dbtools.crest.model.design.relational.Column">
<Column name="request_id" id="B38B2A54-A397-D9CA-D223-089CE3157F9E">
<createdBy>hussainabuwala</createdBy>
<createdTime>2017-05-07 08:37:19 UTC</createdTime>
<comment>id which identifies a specific request</comment>
<generatorID>982F2E8B-A298-55DE-3E2F-BFCD83347EA0</generatorID>
<ownerDesignName>assignment2_logical_model</ownerDesignName>
<useDomainConstraints>false</useDomainConstraints>
<use>1</use>
<logicalDatatype>LOGDT019</logicalDatatype>
<dataTypePrecision>7</dataTypePrecision>
<ownDataTypeParameters>,7,</ownDataTypeParameters>
<autoIncrementColumn>true</autoIncrementColumn>
<autoIncrementCycle>false</autoIncrementCycle>
<autoIncrementSequenceName>seq_request_id</autoIncrementSequenceName>
</Column>
<Column name="request_type" id="1DC3C87C-3A71-0E3D-4B22-08654937B855">
<createdBy>hussainabuwala</createdBy>
<createdTime>2017-05-07 08:37:19 UTC</createdTime>
<comment>type of request</comment>
<generatorID>13A9B866-292C-4F0E-8126-0EF7E426896C</generatorID>
<ownerDesignName>assignment2_logical_model</ownerDesignName>
<useDomainConstraints>false</useDomainConstraints>
<use>1</use>
<logicalDatatype>LOGDT024</logicalDatatype>
<dataTypeSize>50</dataTypeSize>
<ownDataTypeParameters>50,,</ownDataTypeParameters>
<autoIncrementCycle>false</autoIncrementCycle>
</Column>
<Column name="PROPERTY_property_id" id="1BDBA6ED-3394-37F7-CC88-E8639D74A18C">
<createdBy>hussainabuwala</createdBy>
<createdTime>2017-05-07 08:37:19 UTC</createdTime>
<comment>id which uniquely identifies a property</comment>
<generatorID>F58D6981-3293-D919-6D03-E5EE8C4EA850</generatorID>
<ownerDesignName>assignment2_logical_model</ownerDesignName>
<useDomainConstraints>false</useDomainConstraints>
<use>1</use>
<logicalDatatype>LOGDT019</logicalDatatype>
<dataTypePrecision>7</dataTypePrecision>
<ownDataTypeParameters>,,</ownDataTypeParameters>
<previousColumn>false</previousColumn>
<autoIncrementCycle>false</autoIncrementCycle>
<associations>
<colAssociation fkAssociation="0A05D05A-33CD-077C-2FA0-658A1B9E8378" referredColumn="E9F201DC-1623-FAAF-E586-324B581DC389"/>
</associations>
</Column>
<Column name="BIN_bin_id" id="88716B3A-01D1-F424-EDD0-84B417105EAD">
<createdBy>hussainabuwala</createdBy>
<createdTime>2017-05-07 08:37:19 UTC</createdTime>
<comment>id which uniquely identifies a bin</comment>
<generatorID>2FCED7AF-A836-A7FD-B1A7-608B9CBE3BFB</generatorID>
<ownerDesignName>assignment2_logical_model</ownerDesignName>
<useDomainConstraints>false</useDomainConstraints>
<use>1</use>
<logicalDatatype>LOGDT019</logicalDatatype>
<dataTypePrecision>7</dataTypePrecision>
<ownDataTypeParameters>,,</ownDataTypeParameters>
<previousColumn>false</previousColumn>
<autoIncrementCycle>false</autoIncrementCycle>
<associations>
<colAssociation fkAssociation="BBD4DA72-683A-9AB7-EAA9-48FFF3EA0AA4" referredColumn="6ABE3289-D53C-EA40-8F38-5E61935EB545"/>
</associations>
</Column>
<Column name="BIN_TYPE_bin_type" id="DE7BBD33-E759-824C-AE10-1F470871529B">
<createdBy>hussainabuwala</createdBy>
<createdTime>2017-05-07 08:37:19 UTC</createdTime>
<comment>type of bin</comment>
<generatorID>A9B1B1A1-0B2D-8B5E-7609-17BF05DC208A</generatorID>
<ownerDesignName>assignment2_logical_model</ownerDesignName>
<useDomainConstraints>false</useDomainConstraints>
<use>1</use>
<logicalDatatype>LOGDT024</logicalDatatype>
<dataTypeSize>10</dataTypeSize>
<ownDataTypeParameters>,,</ownDataTypeParameters>
<previousColumn>false</previousColumn>
<autoIncrementCycle>false</autoIncrementCycle>
<associations>
<colAssociation fkAssociation="A1B42B3C-FB56-4B82-695A-12D20C264DF4" referredColumn="253D43E9-CE05-132B-D016-C9B002EEE711"/>
</associations>
</Column>
<Column name="BIN_TYPE_volum_bin" id="60808E62-7560-ADAE-D4D6-AC474E6F0111">
<createdBy>hussainabuwala</createdBy>
<createdTime>2017-05-07 08:37:19 UTC</createdTime>
<comment>volum of the bin</comment>
<generatorID>B0677D17-EE37-47D4-FBF0-B2192B7A579B</generatorID>
<ownerDesignName>assignment2_logical_model</ownerDesignName>
<constraintName>chk_vol_bin</constraintName>
<useDomainConstraints>false</useDomainConstraints>
<use>1</use>
<logicalDatatype>LOGDT019</logicalDatatype>
<dataTypePrecision>7</dataTypePrecision>
<checkConstraint>
<implementationDef dbType="Oracle Database 11g" definition="(volum_bin = 40 OR volum_bin = 80 OR volum_bin = 100)"/>
</checkConstraint>
<ownDataTypeParameters>,,</ownDataTypeParameters>
<previousColumn>false</previousColumn>
<autoIncrementCycle>false</autoIncrementCycle>
<associations>
<colAssociation fkAssociation="A1B42B3C-FB56-4B82-695A-12D20C264DF4" referredColumn="1FC35D87-1817-7E35-046E-E5BC0E1C2CB7"/>
</associations>
</Column>
<Column name="SCHEDULE_schdeule_id" id="55604652-212B-578E-A8D8-DC6438E9FAE3">
<createdBy>hussainabuwala</createdBy>
<createdTime>2017-05-07 08:37:19 UTC</createdTime>
<comment>id which identifies a specific request</comment>
<generatorID>2C07B6E2-0A50-651E-4BAF-1B6F2B7DEEB4</generatorID>
<ownerDesignName>assignment2_logical_model</ownerDesignName>
<useDomainConstraints>false</useDomainConstraints>
<use>1</use>
<logicalDatatype>LOGDT019</logicalDatatype>
<dataTypePrecision>7</dataTypePrecision>
<ownDataTypeParameters>,,</ownDataTypeParameters>
<previousColumn>false</previousColumn>
<autoIncrementCycle>false</autoIncrementCycle>
<associations>
<colAssociation fkAssociation="6878E54A-D1BF-7D07-55F5-24ED03056EF3" referredColumn="F0A96389-415B-59B0-A69C-0151A435E650"/>
</associations>
</Column>
</columns>
<indexes itemClass="oracle.dbtools.crest.model.design.relational.Index">
<ind_PK_UK id="809B50A9-3FCE-A194-C19D-4C2456FF8D55" name="BIN_REQUEST_PK">
<createdBy>hussainabuwala</createdBy>
<createdTime>2017-05-07 08:37:19 UTC</createdTime>
<generatorID>0ED538AE-3DB9-063D-51C3-49A8A5D8D1E0</generatorID>
<ownerDesignName>assignment2_logical_model</ownerDesignName>
<pk>true</pk>
<indexState>Primary Constraint</indexState>
<isSurrogateKey>false</isSurrogateKey>
<indexColumnUsage>
<colUsage columnID="B38B2A54-A397-D9CA-D223-089CE3157F9E"/>
</indexColumnUsage>
</ind_PK_UK>
<ind_PK_UK id="EE1793C4-8DE2-0ABB-25F8-99559BD5FE0E" name="BIN_REQUEST_PROPERTY_FK">
<createdBy>hussainabuwala</createdBy>
<createdTime>2017-05-07 08:37:19 UTC</createdTime>
<generatorID>EA0897A8-EBB2-2058-3B05-93EE18187063</generatorID>
<ownerDesignName>assignment2_logical_model</ownerDesignName>
<indexState>Foreign Key</indexState>
<isSurrogateKey>false</isSurrogateKey>
<indexColumnUsage>
<colUsage columnID="1BDBA6ED-3394-37F7-CC88-E8639D74A18C"/>
</indexColumnUsage>
</ind_PK_UK>
<ind_PK_UK id="0711B758-3F38-3624-0D3C-8623194DABB8" name="BIN_REQUEST_BIN_FK">
<createdBy>hussainabuwala</createdBy>
<createdTime>2017-05-07 08:37:19 UTC</createdTime>
<generatorID>20824D3B-DCE9-5130-BC0F-0345C8D4776E</generatorID>
<ownerDesignName>assignment2_logical_model</ownerDesignName>
<indexState>Foreign Key</indexState>
<isSurrogateKey>false</isSurrogateKey>
<indexColumnUsage>
<colUsage columnID="88716B3A-01D1-F424-EDD0-84B417105EAD"/>
</indexColumnUsage>
</ind_PK_UK>
<ind_PK_UK id="EB20344B-8428-BC17-B84B-074421F346AE" name="BIN_REQUEST_BIN_TYPE_FK">
<createdBy>hussainabuwala</createdBy>
<createdTime>2017-05-07 08:37:19 UTC</createdTime>
<generatorID>7551E94E-5337-DFD3-2ABF-65060A1703B1</generatorID>
<ownerDesignName>assignment2_logical_model</ownerDesignName>
<indexState>Foreign Key</indexState>
<isSurrogateKey>false</isSurrogateKey>
<indexColumnUsage>
<colUsage columnID="DE7BBD33-E759-824C-AE10-1F470871529B"/>
<colUsage columnID="60808E62-7560-ADAE-D4D6-AC474E6F0111"/>
</indexColumnUsage>
</ind_PK_UK>
<ind_PK_UK id="CDB83D82-A484-EF8C-5EA9-2F642B112DB5" name="BIN_REQUEST_SCHEDULE_FK">
<createdBy>hussainabuwala</createdBy>
<createdTime>2017-05-07 08:37:19 UTC</createdTime>
<generatorID>912ED38E-B021-9E75-3101-333E5ADC747A</generatorID>
<ownerDesignName>assignment2_logical_model</ownerDesignName>
<indexState>Foreign Key</indexState>
<isSurrogateKey>false</isSurrogateKey>
<indexColumnUsage>
<colUsage columnID="55604652-212B-578E-A8D8-DC6438E9FAE3"/>
</indexColumnUsage>
</ind_PK_UK>
</indexes>
</Table>