<?xml version = '1.0' encoding = 'UTF-8'?>
<Diagram class="oracle.dbtools.crest.swingui.logical.DPVLogical" name="Logical" id="8131EB24-CFFE-322B-E149-37354A77EE45">
<createdBy>hussainabuwala</createdBy>
<modifiedBy>hussainabuwala</modifiedBy>
<createdTime>2017-05-07 06:13:18 UTC</createdTime>
<autoRoute>false</autoRoute>
<boxInbox>true</boxInbox>
<showLegend>true</showLegend>
<showLabels>false</showLabels>
<showRelAttributes>false</showRelAttributes>
<gridEnabled>false</gridEnabled>
<showGrid>false</showGrid>
<diagramColor>-1</diagramColor>
<legendPosX>899</legendPosX>
<legendPosY>16</legendPosY>
<display>false</display>
<notation>2</notation>
<showAllDetails>false</showAllDetails>
<showElements>true</showElements>
<objectViews>
<OView class="oracle.dbtools.crest.swingui.logical.TVEntity" oid="07465248-D524-0871-F9B3-8179901D3633" otype="Entity" vid="61DF3BFD-3FF4-5916-5D3F-19934E7D3528">
<hideElementsInCurrentOnly>false</hideElementsInCurrentOnly>
<bounds x="592" y="532" width="170" height="114"/>
</OView>
<OView class="oracle.dbtools.crest.swingui.logical.TVEntity" oid="210521E9-2148-A0DF-A96B-410D5188A778" otype="Entity" vid="ADCFEED3-1B09-D533-6570-D75F750FAB12">
<hideElementsInCurrentOnly>false</hideElementsInCurrentOnly>
<bounds x="389" y="197" width="170" height="110"/>
</OView>
<OView class="oracle.dbtools.crest.swingui.logical.TVEntity" oid="2966C86A-1C7A-F009-16FA-AC508B5D9173" otype="Entity" vid="ADEF82B0-218E-2EE5-2383-08CC1327D394">
<hideElementsInCurrentOnly>false</hideElementsInCurrentOnly>
<bounds x="178" y="193" width="170" height="110"/>
</OView>
<OView class="oracle.dbtools.crest.swingui.TVLegend" oid="4136DDC2-5152-C83C-1A06-2DDEEB6566E5" otype="Legend" vid="9EAB3EF2-D1E7-D0CA-994A-59B48F60CF0E">
<hideElementsInCurrentOnly>false</hideElementsInCurrentOnly>
<bounds x="899" y="16" width="226" height="128"/>
</OView>
<OView class="oracle.dbtools.crest.swingui.logical.TVEntity" oid="48080443-43F1-B3B1-45B4-6BFD4CA8F43C" otype="Entity" vid="CD647401-3685-F109-4AE2-2EEFE417AD3E">
<hideElementsInCurrentOnly>false</hideElementsInCurrentOnly>
<bounds x="677" y="198" width="170" height="110"/>
</OView>
<OView class="oracle.dbtools.crest.swingui.logical.TVEntity" oid="6A451451-3E41-51EE-01AB-DC98E94AE351" otype="Entity" vid="6A0CC343-4D61-29AE-F004-660DB4A8E409">
<hideElementsInCurrentOnly>false</hideElementsInCurrentOnly>
<bounds x="934" y="532" width="170" height="110"/>
</OView>
<OView class="oracle.dbtools.crest.swingui.logical.TVEntity" oid="77A09AD7-A166-F2E9-FB03-B4FA9CA862BD" otype="Entity" vid="785370A8-B181-E5E5-4CD7-17992E5A6555">
<hideElementsInCurrentOnly>false</hideElementsInCurrentOnly>
<bounds x="539" y="358" width="170" height="110"/>
</OView>
<OView class="oracle.dbtools.crest.swingui.logical.TVEntity" oid="9B9D4858-8EC7-45CF-6ABB-6FCE2DB7D337" otype="Entity" vid="B04F5315-6051-A81D-C707-115CF33F1D49">
<hideElementsInCurrentOnly>false</hideElementsInCurrentOnly>
<bounds x="21" y="360" width="170" height="110"/>
</OView>
<OView class="oracle.dbtools.crest.swingui.logical.TVEntity" oid="9CC9B8D4-5251-699A-B9AC-F2178175B3F2" otype="Entity" vid="7135F32E-7D89-2F5E-6AE9-69193E6FFB97">
<hideElementsInCurrentOnly>false</hideElementsInCurrentOnly>
<bounds x="652" y="17" width="170" height="110"/>
</OView>
<OView class="oracle.dbtools.crest.swingui.logical.TVEntity" oid="AE42B457-0927-B014-6724-2F0A52DD896C" otype="Entity" vid="389BE414-3ADE-BBA4-4BE9-2C5231F9D741">
<hideElementsInCurrentOnly>false</hideElementsInCurrentOnly>
<bounds x="332" y="12" width="171" height="110"/>
</OView>
<OView class="oracle.dbtools.crest.swingui.logical.TVEntity" oid="B2F4637C-0715-F7A4-7BE6-BE8788003893" otype="Entity" vid="8911B8A9-1679-2EED-B23C-2C7F1BF94B41">
<hideElementsInCurrentOnly>false</hideElementsInCurrentOnly>
<bounds x="933" y="193" width="170" height="110"/>
</OView>
<OView class="oracle.dbtools.crest.swingui.logical.TVEntity" oid="F535DED8-9A47-3BB1-0DA1-84E8F6702200" otype="Entity" vid="AE31C348-E95B-DFE9-DBC3-EAB257703BDD">
<hideElementsInCurrentOnly>false</hideElementsInCurrentOnly>
<bounds x="826" y="356" width="170" height="110"/>
</OView>
<OView class="oracle.dbtools.crest.swingui.logical.TVEntity" oid="F69D0697-2811-0ACE-D48A-26B7DC402128" otype="Entity" vid="08BF969D-6643-52B7-EFE7-D4DCC99C1824">
<hideElementsInCurrentOnly>false</hideElementsInCurrentOnly>
<bounds x="22" y="19" width="170" height="110"/>
</OView>
</objectViews>
<connectors>
<Connector class="oracle.dbtools.crest.swingui.logical.TVRelation" oid="07F2440C-76E5-2AEF-17EB-DCF4BBD30316" otype="Relation" vid_source="CD647401-3685-F109-4AE2-2EEFE417AD3E" vid_target="785370A8-B181-E5E5-4CD7-17992E5A6555">
<hideElementsInCurrentOnly>false</hideElementsInCurrentOnly>
<lineWidth>1</lineWidth>
<points>
<point x="693" y="308"/>
<point x="693" y="358"/>
</points>
</Connector>
<Connector class="oracle.dbtools.crest.swingui.logical.TVRelation" oid="14028D20-A6B1-DB4F-7104-7A7FCB8EB972" otype="Relation" vid_source="AE31C348-E95B-DFE9-DBC3-EAB257703BDD" vid_target="6A0CC343-4D61-29AE-F004-660DB4A8E409">
<hideElementsInCurrentOnly>false</hideElementsInCurrentOnly>
<lineWidth>1</lineWidth>
<points>
<point x="965" y="466"/>
<point x="965" y="532"/>
</points>
</Connector>
<Connector class="oracle.dbtools.crest.swingui.logical.TVRelation" oid="1F21973A-6B3F-42F4-A642-FA293A6F0E81" otype="Relation" vid_source="08BF969D-6643-52B7-EFE7-D4DCC99C1824" vid_target="B04F5315-6051-A81D-C707-115CF33F1D49">
<hideElementsInCurrentOnly>false</hideElementsInCurrentOnly>
<lineWidth>1</lineWidth>
<points>
<point x="106" y="129"/>
<point x="106" y="360"/>
</points>
</Connector>
<Connector class="oracle.dbtools.crest.swingui.logical.TVRelation" oid="20824D3B-DCE9-5130-BC0F-0345C8D4776E" otype="Relation" vid_source="785370A8-B181-E5E5-4CD7-17992E5A6555" vid_target="61DF3BFD-3FF4-5916-5D3F-19934E7D3528">
<hideElementsInCurrentOnly>false</hideElementsInCurrentOnly>
<lineWidth>1</lineWidth>
<points>
<point x="650" y="468"/>
<point x="650" y="532"/>
</points>
</Connector>
<Connector class="oracle.dbtools.crest.swingui.logical.TVRelation" oid="2533145A-AF3C-CAA3-DE4B-2A66022F87B3" otype="Relation" vid_source="8911B8A9-1679-2EED-B23C-2C7F1BF94B41" vid_target="6A0CC343-4D61-29AE-F004-660DB4A8E409">
<hideElementsInCurrentOnly>false</hideElementsInCurrentOnly>
<lineWidth>1</lineWidth>
<points>
<point x="1018" y="303"/>
<point x="1018" y="532"/>
</points>
</Connector>
<Connector class="oracle.dbtools.crest.swingui.logical.TVRelation" oid="2E45BFBE-5755-616B-F85B-A55480C2FBF5" otype="Relation" vid_source="389BE414-3ADE-BBA4-4BE9-2C5231F9D741" vid_target="ADEF82B0-218E-2EE5-2383-08CC1327D394">
<hideElementsInCurrentOnly>false</hideElementsInCurrentOnly>
<lineWidth>1</lineWidth>
<points>
<point x="340" y="122"/>
<point x="340" y="193"/>
</points>
</Connector>
<Connector class="oracle.dbtools.crest.swingui.logical.TVRelation" oid="4129FCA9-B42F-75AF-83D8-345D88D4BB0B" otype="Relation" vid_source="B04F5315-6051-A81D-C707-115CF33F1D49" vid_target="785370A8-B181-E5E5-4CD7-17992E5A6555">
<hideElementsInCurrentOnly>false</hideElementsInCurrentOnly>
<lineWidth>1</lineWidth>
<points>
<point x="191" y="414"/>
<point x="539" y="414"/>
</points>
</Connector>
<Connector class="oracle.dbtools.crest.swingui.logical.TVRelation" oid="618AB2C3-2735-6A48-641F-911E5159652C" otype="Relation" vid_source="08BF969D-6643-52B7-EFE7-D4DCC99C1824" vid_target="389BE414-3ADE-BBA4-4BE9-2C5231F9D741">
<hideElementsInCurrentOnly>false</hideElementsInCurrentOnly>
<lineWidth>1</lineWidth>
<points>
<point x="192" y="70"/>
<point x="332" y="70"/>
</points>
</Connector>
<Connector class="oracle.dbtools.crest.swingui.logical.TVRelation" oid="7551E94E-5337-DFD3-2ABF-65060A1703B1" otype="Relation" vid_source="CD647401-3685-F109-4AE2-2EEFE417AD3E" vid_target="61DF3BFD-3FF4-5916-5D3F-19934E7D3528">
<hideElementsInCurrentOnly>false</hideElementsInCurrentOnly>
<lineWidth>1</lineWidth>
<points>
<point x="719" y="308"/>
<point x="719" y="532"/>
</points>
</Connector>
<Connector class="oracle.dbtools.crest.swingui.logical.TVRelation" oid="912ED38E-B021-9E75-3101-333E5ADC747A" otype="Relation" vid_source="6A0CC343-4D61-29AE-F004-660DB4A8E409" vid_target="61DF3BFD-3FF4-5916-5D3F-19934E7D3528">
<hideElementsInCurrentOnly>false</hideElementsInCurrentOnly>
<lineWidth>1</lineWidth>
<points>
<point x="934" y="587"/>
<point x="762" y="587"/>
</points>
</Connector>
<Connector class="oracle.dbtools.crest.swingui.logical.TVRelation" oid="9B2EEDEC-F299-4ED1-E4A2-0150D3587843" otype="Relation" vid_source="CD647401-3685-F109-4AE2-2EEFE417AD3E" vid_target="ADCFEED3-1B09-D533-6570-D75F750FAB12">
<hideElementsInCurrentOnly>false</hideElementsInCurrentOnly>
<lineWidth>1</lineWidth>
<points>
<point x="677" y="260"/>
<point x="559" y="260"/>
</points>
</Connector>
<Connector class="oracle.dbtools.crest.swingui.logical.TVRelation" oid="C93C0264-073A-1366-293F-06ADA3AFEEA2" otype="Relation" vid_source="389BE414-3ADE-BBA4-4BE9-2C5231F9D741" vid_target="ADCFEED3-1B09-D533-6570-D75F750FAB12">
<hideElementsInCurrentOnly>false</hideElementsInCurrentOnly>
<lineWidth>1</lineWidth>
<points>
<point x="446" y="122"/>
<point x="446" y="197"/>
</points>
</Connector>
<Connector class="oracle.dbtools.crest.swingui.logical.TVRelation" oid="E958ADAD-98E1-748C-CFD2-CED9F0D73EAB" otype="Relation" vid_source="AE31C348-E95B-DFE9-DBC3-EAB257703BDD" vid_target="6A0CC343-4D61-29AE-F004-660DB4A8E409">
<hideElementsInCurrentOnly>false</hideElementsInCurrentOnly>
<lineWidth>1</lineWidth>
<points>
<point x="975" y="466"/>
<point x="975" y="532"/>
</points>
</Connector>
<Connector class="oracle.dbtools.crest.swingui.logical.TVRelation" oid="EA056071-E496-626B-9E10-802CE5937C09" otype="Relation" vid_source="389BE414-3ADE-BBA4-4BE9-2C5231F9D741" vid_target="7135F32E-7D89-2F5E-6AE9-69193E6FFB97">
<hideElementsInCurrentOnly>false</hideElementsInCurrentOnly>
<lineWidth>1</lineWidth>
<points>
<point x="503" y="69"/>
<point x="652" y="69"/>
</points>
</Connector>
<Connector class="oracle.dbtools.crest.swingui.logical.TVRelation" oid="EA0897A8-EBB2-2058-3B05-93EE18187063" otype="Relation" vid_source="B04F5315-6051-A81D-C707-115CF33F1D49" vid_target="61DF3BFD-3FF4-5916-5D3F-19934E7D3528">
<hideElementsInCurrentOnly>false</hideElementsInCurrentOnly>
<lineWidth>1</lineWidth>
<points>
<point x="191" y="415"/>
<point x="592" y="589"/>
</points>
</Connector>
</connectors>
</Diagram>