<?xml version = '1.0' encoding = 'UTF-8'?>
<relationalModel class="oracle.dbtools.crest.model.design.relational.RelationalDesign" name="Relational_1" id="96F50D09-1F21-DE88-FB2C-A9BAE3FD7048" mainViewID="DE8CCAC7-2444-C941-5427-AE8483DDCD92">
<createdBy>hussainabuwala</createdBy>
<createdTime>2017-05-07 10:45:32 UTC</createdTime>
<ownerDesignName>assignment2_logical_model</ownerDesignName>
<shouldBeOpen>false</shouldBeOpen>
<selectedRDBMSSite>32076570-2523-435C-2E92-BF29817DFF70</selectedRDBMSSite>
</relationalModel>