<?xml version = '1.0' encoding = 'UTF-8'?>
<Entity class="oracle.dbtools.crest.model.design.logical.Entity" directorySegmentName="seg_0" id="07465248-D524-0871-F9B3-8179901D3633" name="BIN_REQUEST">
<createdBy>hussainabuwala</createdBy>
<createdTime>2017-05-07 06:44:59 UTC</createdTime>
<ownerDesignName>assignment2_logical_model</ownerDesignName>
<engineerTo>
<item key="96F50D09-1F21-DE88-FB2C-A9BAE3FD7048" value="true"/>
</engineerTo>
<adequatelyNormalized>NO</adequatelyNormalized>
<expectedVolumes>0</expectedVolumes>
<fwdEngineeringStrategyName>Single Table</fwdEngineeringStrategyName>
<growthPercent>0</growthPercent>
<growthType>Year</growthType>
<maxVolumes>9999999</maxVolumes>
<minVolumes>0</minVolumes>
<normalForm>Third</normalForm>
<attributes itemClass="oracle.dbtools.crest.model.design.logical.Attribute">
<Attribute name="request_id" id="982F2E8B-A298-55DE-3E2F-BFCD83347EA0">
<createdBy>hussainabuwala</createdBy>
<createdTime>2017-05-07 06:45:15 UTC</createdTime>
<comment>id which identifies a specific request</comment>
<ownerDesignName>assignment2_logical_model</ownerDesignName>
<engineerTo>
<item key="96F50D09-1F21-DE88-FB2C-A9BAE3FD7048" value="true"/>
</engineerTo>
<useDomainConstraints>false</useDomainConstraints>
<use>1</use>
<logicalDatatype>LOGDT019</logicalDatatype>
<dataTypePrecision>7</dataTypePrecision>
<ownDataTypeParameters>,7,</ownDataTypeParameters>
</Attribute>
<Attribute name="request_type" id="13A9B866-292C-4F0E-8126-0EF7E426896C">
<createdBy>hussainabuwala</createdBy>
<createdTime>2017-05-07 06:47:13 UTC</createdTime>
<comment>type of request</comment>
<ownerDesignName>assignment2_logical_model</ownerDesignName>
<engineerTo>
<item key="96F50D09-1F21-DE88-FB2C-A9BAE3FD7048" value="true"/>
</engineerTo>
<useDomainConstraints>false</useDomainConstraints>
<use>1</use>
<logicalDatatype>LOGDT024</logicalDatatype>
<dataTypeSize>50</dataTypeSize>
<ownDataTypeParameters>50,,</ownDataTypeParameters>
</Attribute>
<Attribute name="property_id" id="F58D6981-3293-D919-6D03-E5EE8C4EA850">
<createdBy>hussainabuwala</createdBy>
<createdTime>2017-05-07 07:33:38 UTC</createdTime>
<comment>id which uniquely identifies a property</comment>
<generatorID>EA0897A8-EBB2-2058-3B05-93EE18187063</generatorID>
<ownerDesignName>assignment2_logical_model</ownerDesignName>
<engineerTo>
<item key="96F50D09-1F21-DE88-FB2C-A9BAE3FD7048" value="true"/>
</engineerTo>
<referedAttribute>49F0EE39-E4EA-F6F5-5A29-A25FAFF10CB8</referedAttribute>
<useDomainConstraints>false</useDomainConstraints>
<use>1</use>
<logicalDatatype>LOGDT019</logicalDatatype>
<dataTypePrecision>7</dataTypePrecision>
<ownDataTypeParameters>,7,</ownDataTypeParameters>
</Attribute>
<Attribute name="bin_id" id="2FCED7AF-A836-A7FD-B1A7-608B9CBE3BFB">
<createdBy>hussainabuwala</createdBy>
<createdTime>2017-05-07 07:34:30 UTC</createdTime>
<comment>id which uniquely identifies a bin</comment>
<generatorID>20824D3B-DCE9-5130-BC0F-0345C8D4776E</generatorID>
<ownerDesignName>assignment2_logical_model</ownerDesignName>
<engineerTo>
<item key="96F50D09-1F21-DE88-FB2C-A9BAE3FD7048" value="true"/>
</engineerTo>
<referedAttribute>33075DF7-2ED0-8777-86F5-D82D14A4B5A0</referedAttribute>
<useDomainConstraints>false</useDomainConstraints>
<use>1</use>
<logicalDatatype>LOGDT019</logicalDatatype>
<dataTypePrecision>7</dataTypePrecision>
<ownDataTypeParameters>,7,</ownDataTypeParameters>
</Attribute>
<Attribute name="bin_type" id="A9B1B1A1-0B2D-8B5E-7609-17BF05DC208A">
<createdBy>hussainabuwala</createdBy>
<createdTime>2017-05-07 07:35:00 UTC</createdTime>
<comment>type of bin</comment>
<generatorID>7551E94E-5337-DFD3-2ABF-65060A1703B1</generatorID>
<ownerDesignName>assignment2_logical_model</ownerDesignName>
<engineerTo>
<item key="96F50D09-1F21-DE88-FB2C-A9BAE3FD7048" value="true"/>
</engineerTo>
<referedAttribute>F4205E33-188C-B840-6350-B5738D5F7597</referedAttribute>
<useDomainConstraints>false</useDomainConstraints>
<use>1</use>
<logicalDatatype>LOGDT024</logicalDatatype>
<dataTypeSize>50</dataTypeSize>
<ownDataTypeParameters>,,</ownDataTypeParameters>
</Attribute>
<Attribute name="volum_bin" id="B0677D17-EE37-47D4-FBF0-B2192B7A579B">
<createdBy>hussainabuwala</createdBy>
<createdTime>2017-05-07 07:35:00 UTC</createdTime>
<comment>volum of the bin</comment>
<generatorID>7551E94E-5337-DFD3-2ABF-65060A1703B1</generatorID>
<ownerDesignName>assignment2_logical_model</ownerDesignName>
<engineerTo>
<item key="96F50D09-1F21-DE88-FB2C-A9BAE3FD7048" value="true"/>
</engineerTo>
<referedAttribute>54F7BAC0-C79E-9256-EA62-DDB926737740</referedAttribute>
<useDomainConstraints>false</useDomainConstraints>
<use>1</use>
<logicalDatatype>LOGDT019</logicalDatatype>
<dataTypePrecision>7</dataTypePrecision>
<ownDataTypeParameters>,,</ownDataTypeParameters>
</Attribute>
<Attribute name="schdeule_id" id="2C07B6E2-0A50-651E-4BAF-1B6F2B7DEEB4">
<createdBy>hussainabuwala</createdBy>
<createdTime>2017-05-07 07:36:47 UTC</createdTime>
<comment>id which identifies a specific request</comment>
<generatorID>912ED38E-B021-9E75-3101-333E5ADC747A</generatorID>
<ownerDesignName>assignment2_logical_model</ownerDesignName>
<engineerTo>
<item key="96F50D09-1F21-DE88-FB2C-A9BAE3FD7048" value="true"/>
</engineerTo>
<referedAttribute>75BE177D-078B-4C0F-28FF-5C8D5575CD21</referedAttribute>
<useDomainConstraints>false</useDomainConstraints>
<use>1</use>
<logicalDatatype>LOGDT019</logicalDatatype>
<dataTypePrecision>7</dataTypePrecision>
<ownDataTypeParameters>,7,</ownDataTypeParameters>
</Attribute>
</attributes>
<identifiers itemClass="oracle.dbtools.crest.model.design.logical.CandidateKey">
<identifier id="0ED538AE-3DB9-063D-51C3-49A8A5D8D1E0" name="BIN_REQUEST PK">
<createdBy>hussainabuwala</createdBy>
<createdTime>2017-05-07 06:46:12 UTC</createdTime>
<ownerDesignName>assignment2_logical_model</ownerDesignName>
<shouldEngineer>false</shouldEngineer>
<engineerTo>
<item key="96F50D09-1F21-DE88-FB2C-A9BAE3FD7048" value="false"/>
</engineerTo>
<pk>true</pk>
<usedAttributes>
<attributeRef>982F2E8B-A298-55DE-3E2F-BFCD83347EA0</attributeRef>
</usedAttributes>
</identifier>
</identifiers>
</Entity>