<?xml version = '1.0' encoding = 'UTF-8'?>
<Entity class="oracle.dbtools.crest.model.design.logical.Entity" directorySegmentName="seg_0" id="210521E9-2148-A0DF-A96B-410D5188A778" name="BIN_CONTRACT">
<createdBy>hussainabuwala</createdBy>
<createdTime>2017-05-07 06:32:33 UTC</createdTime>
<ownerDesignName>assignment2_logical_model</ownerDesignName>
<engineerTo>
<item key="96F50D09-1F21-DE88-FB2C-A9BAE3FD7048" value="true"/>
</engineerTo>
<adequatelyNormalized>NO</adequatelyNormalized>
<expectedVolumes>0</expectedVolumes>
<fwdEngineeringStrategyName>Single Table</fwdEngineeringStrategyName>
<growthPercent>0</growthPercent>
<growthType>Year</growthType>
<maxVolumes>9999999</maxVolumes>
<minVolumes>0</minVolumes>
<normalForm>Third</normalForm>
<attributes itemClass="oracle.dbtools.crest.model.design.logical.Attribute">
<Attribute name="bin_cost" id="B5E58E27-1167-240E-BC80-92FF7C971A8B">
<createdBy>hussainabuwala</createdBy>
<createdTime>2017-05-07 06:33:13 UTC</createdTime>
<comment>cost of the bin</comment>
<ownerDesignName>assignment2_logical_model</ownerDesignName>
<engineerTo>
<item key="96F50D09-1F21-DE88-FB2C-A9BAE3FD7048" value="true"/>
</engineerTo>
<constraintName>chk_bin_cost</constraintName>
<useDomainConstraints>false</useDomainConstraints>
<use>1</use>
<logicalDatatype>LOGDT019</logicalDatatype>
<dataTypePrecision>7</dataTypePrecision>
<checkConstraint>
<implementationDef dbType="Oracle Database 11g" definition="bin_cost &gt; 0"/>
</checkConstraint>
<ownDataTypeParameters>,7,</ownDataTypeParameters>
</Attribute>
<Attribute name="contract_no" id="B93C4655-9CEC-51E5-330C-7C97E0CDF5B6">
<createdBy>hussainabuwala</createdBy>
<createdTime>2017-05-07 07:19:50 UTC</createdTime>
<comment>This is the primary key. each contract is identified using its contract number.</comment>
<generatorID>C93C0264-073A-1366-293F-06ADA3AFEEA2</generatorID>
<ownerDesignName>assignment2_logical_model</ownerDesignName>
<engineerTo>
<item key="96F50D09-1F21-DE88-FB2C-A9BAE3FD7048" value="true"/>
</engineerTo>
<referedAttribute>2DD98154-BDEF-CA46-73B0-6FAADC6164DF</referedAttribute>
<useDomainConstraints>false</useDomainConstraints>
<use>1</use>
<logicalDatatype>LOGDT019</logicalDatatype>
<dataTypePrecision>7</dataTypePrecision>
<ownDataTypeParameters>,7,</ownDataTypeParameters>
</Attribute>
<Attribute name="bin_type" id="AFFE74AC-53F6-F0F3-4655-816B805FF45D">
<createdBy>hussainabuwala</createdBy>
<createdTime>2017-05-07 07:26:49 UTC</createdTime>
<comment>type of bin</comment>
<generatorID>9B2EEDEC-F299-4ED1-E4A2-0150D3587843</generatorID>
<ownerDesignName>assignment2_logical_model</ownerDesignName>
<engineerTo>
<item key="96F50D09-1F21-DE88-FB2C-A9BAE3FD7048" value="true"/>
</engineerTo>
<referedAttribute>F4205E33-188C-B840-6350-B5738D5F7597</referedAttribute>
<useDomainConstraints>false</useDomainConstraints>
<use>1</use>
<logicalDatatype>LOGDT024</logicalDatatype>
<dataTypeSize>50</dataTypeSize>
<ownDataTypeParameters>,,</ownDataTypeParameters>
</Attribute>
<Attribute name="volum_bin" id="0CB84CEA-AC0F-D6BC-6771-E12861092541">
<createdBy>hussainabuwala</createdBy>
<createdTime>2017-05-07 07:26:49 UTC</createdTime>
<comment>volum of the bin</comment>
<generatorID>9B2EEDEC-F299-4ED1-E4A2-0150D3587843</generatorID>
<ownerDesignName>assignment2_logical_model</ownerDesignName>
<engineerTo>
<item key="96F50D09-1F21-DE88-FB2C-A9BAE3FD7048" value="true"/>
</engineerTo>
<referedAttribute>54F7BAC0-C79E-9256-EA62-DDB926737740</referedAttribute>
<useDomainConstraints>false</useDomainConstraints>
<use>1</use>
<logicalDatatype>LOGDT019</logicalDatatype>
<dataTypePrecision>7</dataTypePrecision>
<ownDataTypeParameters>,7,</ownDataTypeParameters>
</Attribute>
</attributes>
<identifiers itemClass="oracle.dbtools.crest.model.design.logical.CandidateKey">
<identifier id="DAD3936A-B01D-00DB-56CB-1970B1803D1E" name="BIN_CONTRACT PK">
<createdBy>hussainabuwala</createdBy>
<createdTime>2017-05-07 07:20:54 UTC</createdTime>
<ownerDesignName>assignment2_logical_model</ownerDesignName>
<shouldEngineer>false</shouldEngineer>
<engineerTo>
<item key="96F50D09-1F21-DE88-FB2C-A9BAE3FD7048" value="false"/>
</engineerTo>
<pk>true</pk>
<usedAttributes>
<attributeRef>B93C4655-9CEC-51E5-330C-7C97E0CDF5B6</attributeRef>
<attributeRef>AFFE74AC-53F6-F0F3-4655-816B805FF45D</attributeRef>
<attributeRef>0CB84CEA-AC0F-D6BC-6771-E12861092541</attributeRef>
</usedAttributes>
</identifier>
</identifiers>
</Entity>