<?xml version = '1.0' encoding = 'UTF-8'?>
<Entity class="oracle.dbtools.crest.model.design.logical.Entity" directorySegmentName="seg_0" id="2966C86A-1C7A-F009-16FA-AC508B5D9173" name="COL_CONTRACT">
<createdBy>hussainabuwala</createdBy>
<createdTime>2017-05-07 06:27:30 UTC</createdTime>
<ownerDesignName>assignment2_logical_model</ownerDesignName>
<engineerTo>
<item key="96F50D09-1F21-DE88-FB2C-A9BAE3FD7048" value="true"/>
</engineerTo>
<adequatelyNormalized>NO</adequatelyNormalized>
<expectedVolumes>0</expectedVolumes>
<fwdEngineeringStrategyName>Single Table</fwdEngineeringStrategyName>
<growthPercent>0</growthPercent>
<growthType>Year</growthType>
<maxVolumes>9999999</maxVolumes>
<minVolumes>0</minVolumes>
<normalForm>Third</normalForm>
<attributes itemClass="oracle.dbtools.crest.model.design.logical.Attribute">
<Attribute name="collection_type" id="43FD4DAF-F03A-A91F-2349-93D6492FACA2">
<createdBy>hussainabuwala</createdBy>
<createdTime>2017-05-07 06:30:16 UTC</createdTime>
<comment>this is the primary key which gives which type of collection</comment>
<ownerDesignName>assignment2_logical_model</ownerDesignName>
<engineerTo>
<item key="96F50D09-1F21-DE88-FB2C-A9BAE3FD7048" value="true"/>
</engineerTo>
<useDomainConstraints>false</useDomainConstraints>
<use>1</use>
<logicalDatatype>LOGDT024</logicalDatatype>
<dataTypeSize>50</dataTypeSize>
<ownDataTypeParameters>50,,</ownDataTypeParameters>
</Attribute>
<Attribute name="collection_cost" id="A10E5111-2818-6AEF-94A4-E0520B901B7A">
<createdBy>hussainabuwala</createdBy>
<createdTime>2017-05-07 06:31:33 UTC</createdTime>
<comment>cost of the collection</comment>
<ownerDesignName>assignment2_logical_model</ownerDesignName>
<engineerTo>
<item key="96F50D09-1F21-DE88-FB2C-A9BAE3FD7048" value="true"/>
</engineerTo>
<constraintName>chk_collection_cost</constraintName>
<useDomainConstraints>false</useDomainConstraints>
<use>1</use>
<logicalDatatype>LOGDT019</logicalDatatype>
<dataTypePrecision>7</dataTypePrecision>
<checkConstraint>
<implementationDef dbType="Oracle Database 11g" definition="collection_cost &gt; 0"/>
</checkConstraint>
<ownDataTypeParameters>,7,</ownDataTypeParameters>
</Attribute>
<Attribute name="contract_no" id="036C6319-FB1B-85EA-66C3-ECA4964D9780">
<createdBy>hussainabuwala</createdBy>
<createdTime>2017-05-07 07:17:47 UTC</createdTime>
<comment>This is the primary key. each contract is identified using its contract number.</comment>
<generatorID>2E45BFBE-5755-616B-F85B-A55480C2FBF5</generatorID>
<ownerDesignName>assignment2_logical_model</ownerDesignName>
<engineerTo>
<item key="96F50D09-1F21-DE88-FB2C-A9BAE3FD7048" value="true"/>
</engineerTo>
<referedAttribute>2DD98154-BDEF-CA46-73B0-6FAADC6164DF</referedAttribute>
<useDomainConstraints>false</useDomainConstraints>
<use>1</use>
<logicalDatatype>LOGDT019</logicalDatatype>
<dataTypePrecision>7</dataTypePrecision>
<ownDataTypeParameters>,7,</ownDataTypeParameters>
</Attribute>
</attributes>
<identifiers itemClass="oracle.dbtools.crest.model.design.logical.CandidateKey">
<identifier id="AC104124-657A-0A71-513F-42CF71B9F3D9" name="COLLECTION_CONTRACT PK">
<createdBy>hussainabuwala</createdBy>
<createdTime>2017-05-07 06:30:47 UTC</createdTime>
<ownerDesignName>assignment2_logical_model</ownerDesignName>
<shouldEngineer>false</shouldEngineer>
<engineerTo>
<item key="96F50D09-1F21-DE88-FB2C-A9BAE3FD7048" value="false"/>
</engineerTo>
<pk>true</pk>
<usedAttributes>
<attributeRef>43FD4DAF-F03A-A91F-2349-93D6492FACA2</attributeRef>
<attributeRef>036C6319-FB1B-85EA-66C3-ECA4964D9780</attributeRef>
</usedAttributes>
</identifier>
</identifiers>
</Entity>