<?xml version = '1.0' encoding = 'UTF-8'?>
<Entity class="oracle.dbtools.crest.model.design.logical.Entity" directorySegmentName="seg_0" id="48080443-43F1-B3B1-45B4-6BFD4CA8F43C" name="BIN_TYPE">
<createdBy>hussainabuwala</createdBy>
<createdTime>2017-05-07 06:36:46 UTC</createdTime>
<ownerDesignName>assignment2_logical_model</ownerDesignName>
<engineerTo>
<item key="96F50D09-1F21-DE88-FB2C-A9BAE3FD7048" value="true"/>
</engineerTo>
<adequatelyNormalized>NO</adequatelyNormalized>
<expectedVolumes>0</expectedVolumes>
<fwdEngineeringStrategyName>Single Table</fwdEngineeringStrategyName>
<growthPercent>0</growthPercent>
<growthType>Year</growthType>
<maxVolumes>9999999</maxVolumes>
<minVolumes>0</minVolumes>
<normalForm>Third</normalForm>
<attributes itemClass="oracle.dbtools.crest.model.design.logical.Attribute">
<Attribute name="bin_type" id="F4205E33-188C-B840-6350-B5738D5F7597">
<createdBy>hussainabuwala</createdBy>
<createdTime>2017-05-07 06:37:06 UTC</createdTime>
<comment>type of bin</comment>
<ownerDesignName>assignment2_logical_model</ownerDesignName>
<engineerTo>
<item key="96F50D09-1F21-DE88-FB2C-A9BAE3FD7048" value="true"/>
</engineerTo>
<useDomainConstraints>false</useDomainConstraints>
<use>1</use>
<logicalDatatype>LOGDT024</logicalDatatype>
<dataTypeSize>50</dataTypeSize>
<ownDataTypeParameters>50,,</ownDataTypeParameters>
</Attribute>
<Attribute name="volum_bin" id="54F7BAC0-C79E-9256-EA62-DDB926737740">
<createdBy>hussainabuwala</createdBy>
<createdTime>2017-05-07 06:37:52 UTC</createdTime>
<comment>volum of the bin</comment>
<ownerDesignName>assignment2_logical_model</ownerDesignName>
<engineerTo>
<item key="96F50D09-1F21-DE88-FB2C-A9BAE3FD7048" value="true"/>
</engineerTo>
<useDomainConstraints>false</useDomainConstraints>
<use>1</use>
<logicalDatatype>LOGDT019</logicalDatatype>
<dataTypePrecision>7</dataTypePrecision>
<ownDataTypeParameters>,7,</ownDataTypeParameters>
</Attribute>
</attributes>
<identifiers itemClass="oracle.dbtools.crest.model.design.logical.CandidateKey">
<identifier id="65859DAB-4187-C7AF-C0BE-C7517D504589" name="TYPE_OF_BIN PK">
<createdBy>hussainabuwala</createdBy>
<createdTime>2017-05-07 06:37:33 UTC</createdTime>
<ownerDesignName>assignment2_logical_model</ownerDesignName>
<shouldEngineer>false</shouldEngineer>
<engineerTo>
<item key="96F50D09-1F21-DE88-FB2C-A9BAE3FD7048" value="false"/>
</engineerTo>
<pk>true</pk>
<usedAttributes>
<attributeRef>F4205E33-188C-B840-6350-B5738D5F7597</attributeRef>
<attributeRef>54F7BAC0-C79E-9256-EA62-DDB926737740</attributeRef>
</usedAttributes>
</identifier>
</identifiers>
</Entity>