<?xml version = '1.0' encoding = 'UTF-8'?>
<Entity class="oracle.dbtools.crest.model.design.logical.Entity" directorySegmentName="seg_0" id="6A451451-3E41-51EE-01AB-DC98E94AE351" name="SCHEDULE">
<createdBy>hussainabuwala</createdBy>
<createdTime>2017-05-07 06:47:41 UTC</createdTime>
<ownerDesignName>assignment2_logical_model</ownerDesignName>
<engineerTo>
<item key="ECEBD248-99A8-25E0-DE6A-7C49BAA34EE4" value="true"/>
</engineerTo>
<adequatelyNormalized>NO</adequatelyNormalized>
<expectedVolumes>0</expectedVolumes>
<fwdEngineeringStrategyName>Single Table</fwdEngineeringStrategyName>
<growthPercent>0</growthPercent>
<growthType>Year</growthType>
<maxVolumes>9999999</maxVolumes>
<minVolumes>0</minVolumes>
<normalForm>Third</normalForm>
<attributes itemClass="oracle.dbtools.crest.model.design.logical.Attribute">
<Attribute name="schdeule_id" id="75BE177D-078B-4C0F-28FF-5C8D5575CD21">
<createdBy>hussainabuwala</createdBy>
<createdTime>2017-05-07 06:48:12 UTC</createdTime>
<comment>id which identifies a specific request</comment>
<ownerDesignName>assignment2_logical_model</ownerDesignName>
<engineerTo>
<item key="ECEBD248-99A8-25E0-DE6A-7C49BAA34EE4" value="true"/>
</engineerTo>
<useDomainConstraints>false</useDomainConstraints>
<use>1</use>
<logicalDatatype>LOGDT019</logicalDatatype>
<dataTypePrecision>7</dataTypePrecision>
<ownDataTypeParameters>,7,</ownDataTypeParameters>
</Attribute>
<Attribute name="schedule_date" id="328242D5-8909-991A-A1E5-59A8F2E61F3A">
<createdBy>hussainabuwala</createdBy>
<createdTime>2017-05-07 06:49:04 UTC</createdTime>
<comment>date of schedule</comment>
<ownerDesignName>assignment2_logical_model</ownerDesignName>
<engineerTo>
<item key="ECEBD248-99A8-25E0-DE6A-7C49BAA34EE4" value="true"/>
</engineerTo>
<useDomainConstraints>false</useDomainConstraints>
<use>1</use>
<logicalDatatype>LOGDT007</logicalDatatype>
<ownDataTypeParameters>,,</ownDataTypeParameters>
</Attribute>
<Attribute name="tvi_no" id="9DE0E57B-FF62-4FF7-8B72-0F884B8657CB">
<createdBy>hussainabuwala</createdBy>
<createdTime>2017-05-07 07:38:01 UTC</createdTime>
<comment>this uniquely identifies a truck</comment>
<generatorID>2533145A-AF3C-CAA3-DE4B-2A66022F87B3</generatorID>
<ownerDesignName>assignment2_logical_model</ownerDesignName>
<engineerTo>
<item key="ECEBD248-99A8-25E0-DE6A-7C49BAA34EE4" value="true"/>
</engineerTo>
<referedAttribute>611F952C-1350-FA9C-C065-091B25A70B82</referedAttribute>
<useDomainConstraints>false</useDomainConstraints>
<use>1</use>
<logicalDatatype>LOGDT019</logicalDatatype>
<dataTypePrecision>7</dataTypePrecision>
<ownDataTypeParameters>,,</ownDataTypeParameters>
</Attribute>
<Attribute name="license_no" id="EF6A79AE-265A-FB89-9E1A-7BEBF8787F39">
<createdBy>hussainabuwala</createdBy>
<createdTime>2017-05-07 07:46:01 UTC</createdTime>
<comment>this uniquely identifies a specific driver</comment>
<generatorID>14028D20-A6B1-DB4F-7104-7A7FCB8EB972</generatorID>
<ownerDesignName>assignment2_logical_model</ownerDesignName>
<engineerTo>
<item key="ECEBD248-99A8-25E0-DE6A-7C49BAA34EE4" value="true"/>
</engineerTo>
<referedAttribute>BD298132-F826-FF18-DB23-B693CFE2ACB5</referedAttribute>
<useDomainConstraints>false</useDomainConstraints>
<use>1</use>
<logicalDatatype>LOGDT019</logicalDatatype>
<dataTypePrecision>7</dataTypePrecision>
<ownDataTypeParameters>,,</ownDataTypeParameters>
</Attribute>
<Attribute name="license_no1" id="C138CD39-CD2A-C990-0866-EE209549BF35">
<createdBy>hussainabuwala</createdBy>
<createdTime>2017-05-07 07:46:26 UTC</createdTime>
<comment>this uniquely identifies a specific driver</comment>
<generatorID>E958ADAD-98E1-748C-CFD2-CED9F0D73EAB</generatorID>
<ownerDesignName>assignment2_logical_model</ownerDesignName>
<engineerTo>
<item key="ECEBD248-99A8-25E0-DE6A-7C49BAA34EE4" value="true"/>
</engineerTo>
<referedAttribute>BD298132-F826-FF18-DB23-B693CFE2ACB5</referedAttribute>
<useDomainConstraints>false</useDomainConstraints>
<use>1</use>
<logicalDatatype>LOGDT019</logicalDatatype>
<dataTypePrecision>7</dataTypePrecision>
<ownDataTypeParameters>,,</ownDataTypeParameters>
</Attribute>
</attributes>
<identifiers itemClass="oracle.dbtools.crest.model.design.logical.CandidateKey">
<identifier id="44945093-AD34-BA25-3849-7BE4849C2166" name="SCHEDULE PK">
<createdBy>hussainabuwala</createdBy>
<createdTime>2017-05-07 06:48:28 UTC</createdTime>
<ownerDesignName>assignment2_logical_model</ownerDesignName>
<shouldEngineer>false</shouldEngineer>
<engineerTo>
<item key="ECEBD248-99A8-25E0-DE6A-7C49BAA34EE4" value="false"/>
</engineerTo>
<pk>true</pk>
<usedAttributes>
<attributeRef>75BE177D-078B-4C0F-28FF-5C8D5575CD21</attributeRef>
</usedAttributes>
</identifier>
</identifiers>
</Entity>