<?xml version = '1.0' encoding = 'UTF-8'?>
<Entity class="oracle.dbtools.crest.model.design.logical.Entity" directorySegmentName="seg_0" id="77A09AD7-A166-F2E9-FB03-B4FA9CA862BD" name="BIN">
<createdBy>hussainabuwala</createdBy>
<createdTime>2017-05-07 06:38:55 UTC</createdTime>
<ownerDesignName>assignment2_logical_model</ownerDesignName>
<engineerTo>
<item key="96F50D09-1F21-DE88-FB2C-A9BAE3FD7048" value="true"/>
</engineerTo>
<adequatelyNormalized>NO</adequatelyNormalized>
<expectedVolumes>0</expectedVolumes>
<fwdEngineeringStrategyName>Single Table</fwdEngineeringStrategyName>
<growthPercent>0</growthPercent>
<growthType>Year</growthType>
<maxVolumes>9999999</maxVolumes>
<minVolumes>0</minVolumes>
<normalForm>Third</normalForm>
<attributes itemClass="oracle.dbtools.crest.model.design.logical.Attribute">
<Attribute name="bin_id" id="33075DF7-2ED0-8777-86F5-D82D14A4B5A0">
<createdBy>hussainabuwala</createdBy>
<createdTime>2017-05-07 06:39:12 UTC</createdTime>
<comment>id which uniquely identifies a bin</comment>
<ownerDesignName>assignment2_logical_model</ownerDesignName>
<engineerTo>
<item key="96F50D09-1F21-DE88-FB2C-A9BAE3FD7048" value="true"/>
</engineerTo>
<useDomainConstraints>false</useDomainConstraints>
<use>1</use>
<logicalDatatype>LOGDT019</logicalDatatype>
<dataTypePrecision>7</dataTypePrecision>
<ownDataTypeParameters>,7,</ownDataTypeParameters>
</Attribute>
<Attribute name="property_id" id="69811767-DB23-E9DC-58B6-49C38D8528D9">
<createdBy>hussainabuwala</createdBy>
<createdTime>2017-05-07 07:30:14 UTC</createdTime>
<comment>id which uniquely identifies a property</comment>
<generatorID>4129FCA9-B42F-75AF-83D8-345D88D4BB0B</generatorID>
<ownerDesignName>assignment2_logical_model</ownerDesignName>
<engineerTo>
<item key="96F50D09-1F21-DE88-FB2C-A9BAE3FD7048" value="true"/>
</engineerTo>
<referedAttribute>49F0EE39-E4EA-F6F5-5A29-A25FAFF10CB8</referedAttribute>
<useDomainConstraints>false</useDomainConstraints>
<use>1</use>
<logicalDatatype>LOGDT019</logicalDatatype>
<dataTypePrecision>7</dataTypePrecision>
<ownDataTypeParameters>,7,</ownDataTypeParameters>
</Attribute>
<Attribute name="bin_type" id="FE420808-CE8A-4B08-E04C-6787832AA054">
<createdBy>hussainabuwala</createdBy>
<createdTime>2017-05-07 07:32:05 UTC</createdTime>
<comment>type of bin</comment>
<generatorID>07F2440C-76E5-2AEF-17EB-DCF4BBD30316</generatorID>
<ownerDesignName>assignment2_logical_model</ownerDesignName>
<engineerTo>
<item key="96F50D09-1F21-DE88-FB2C-A9BAE3FD7048" value="true"/>
</engineerTo>
<referedAttribute>F4205E33-188C-B840-6350-B5738D5F7597</referedAttribute>
<useDomainConstraints>false</useDomainConstraints>
<use>1</use>
<logicalDatatype>LOGDT024</logicalDatatype>
<dataTypeSize>50</dataTypeSize>
<ownDataTypeParameters>,,</ownDataTypeParameters>
</Attribute>
<Attribute name="volum_bin" id="72AF28A1-0DA0-7847-7222-9E9EA3361EDB">
<createdBy>hussainabuwala</createdBy>
<createdTime>2017-05-07 07:32:05 UTC</createdTime>
<comment>volum of the bin</comment>
<generatorID>07F2440C-76E5-2AEF-17EB-DCF4BBD30316</generatorID>
<ownerDesignName>assignment2_logical_model</ownerDesignName>
<engineerTo>
<item key="96F50D09-1F21-DE88-FB2C-A9BAE3FD7048" value="true"/>
</engineerTo>
<referedAttribute>54F7BAC0-C79E-9256-EA62-DDB926737740</referedAttribute>
<useDomainConstraints>false</useDomainConstraints>
<use>1</use>
<logicalDatatype>LOGDT019</logicalDatatype>
<dataTypePrecision>7</dataTypePrecision>
<ownDataTypeParameters>,7,</ownDataTypeParameters>
</Attribute>
</attributes>
<identifiers itemClass="oracle.dbtools.crest.model.design.logical.CandidateKey">
<identifier id="0CB45086-04AC-6D26-904E-C23861E510AC" name="BIN PK">
<createdBy>hussainabuwala</createdBy>
<createdTime>2017-05-07 06:39:20 UTC</createdTime>
<ownerDesignName>assignment2_logical_model</ownerDesignName>
<shouldEngineer>false</shouldEngineer>
<engineerTo>
<item key="96F50D09-1F21-DE88-FB2C-A9BAE3FD7048" value="false"/>
</engineerTo>
<pk>true</pk>
<usedAttributes>
<attributeRef>33075DF7-2ED0-8777-86F5-D82D14A4B5A0</attributeRef>
</usedAttributes>
</identifier>
</identifiers>
</Entity>