<?xml version = '1.0' encoding = 'UTF-8'?>
<Entity class="oracle.dbtools.crest.model.design.logical.Entity" directorySegmentName="seg_0" id="9B9D4858-8EC7-45CF-6ABB-6FCE2DB7D337" name="PROPERTY">
<createdBy>hussainabuwala</createdBy>
<createdTime>2017-05-07 06:43:47 UTC</createdTime>
<ownerDesignName>assignment2_logical_model</ownerDesignName>
<engineerTo>
<item key="ECEBD248-99A8-25E0-DE6A-7C49BAA34EE4" value="true"/>
</engineerTo>
<adequatelyNormalized>NO</adequatelyNormalized>
<expectedVolumes>0</expectedVolumes>
<fwdEngineeringStrategyName>Single Table</fwdEngineeringStrategyName>
<growthPercent>0</growthPercent>
<growthType>Year</growthType>
<maxVolumes>9999999</maxVolumes>
<minVolumes>0</minVolumes>
<normalForm>Third</normalForm>
<attributes itemClass="oracle.dbtools.crest.model.design.logical.Attribute">
<Attribute name="property_id" id="49F0EE39-E4EA-F6F5-5A29-A25FAFF10CB8">
<createdBy>hussainabuwala</createdBy>
<createdTime>2017-05-07 06:43:54 UTC</createdTime>
<comment>id which uniquely identifies a property</comment>
<ownerDesignName>assignment2_logical_model</ownerDesignName>
<engineerTo>
<item key="ECEBD248-99A8-25E0-DE6A-7C49BAA34EE4" value="true"/>
</engineerTo>
<useDomainConstraints>false</useDomainConstraints>
<use>1</use>
<logicalDatatype>LOGDT019</logicalDatatype>
<dataTypePrecision>7</dataTypePrecision>
<ownDataTypeParameters>,7,</ownDataTypeParameters>
</Attribute>
<Attribute name="property_address" id="7904B10A-0F60-8496-A1CC-0366B3E7523B">
<createdBy>hussainabuwala</createdBy>
<createdTime>2017-05-07 06:44:34 UTC</createdTime>
<comment>address of the property</comment>
<ownerDesignName>assignment2_logical_model</ownerDesignName>
<engineerTo>
<item key="ECEBD248-99A8-25E0-DE6A-7C49BAA34EE4" value="true"/>
</engineerTo>
<useDomainConstraints>false</useDomainConstraints>
<use>1</use>
<logicalDatatype>LOGDT024</logicalDatatype>
<dataTypeSize>50</dataTypeSize>
<ownDataTypeParameters>50,,</ownDataTypeParameters>
</Attribute>
<Attribute name="council_name" id="DBCC0C27-3DAC-9249-DFE3-CD6158D15D30">
<createdBy>hussainabuwala</createdBy>
<createdTime>2017-05-07 07:28:42 UTC</createdTime>
<comment>This is the name of the council</comment>
<generatorID>1F21973A-6B3F-42F4-A642-FA293A6F0E81</generatorID>
<ownerDesignName>assignment2_logical_model</ownerDesignName>
<engineerTo>
<item key="ECEBD248-99A8-25E0-DE6A-7C49BAA34EE4" value="true"/>
</engineerTo>
<referedAttribute>ADE72965-2301-A1B3-C250-678430B558D2</referedAttribute>
<useDomainConstraints>false</useDomainConstraints>
<use>1</use>
<logicalDatatype>LOGDT024</logicalDatatype>
<dataTypeSize>50</dataTypeSize>
<ownDataTypeParameters>,,</ownDataTypeParameters>
</Attribute>
</attributes>
<identifiers itemClass="oracle.dbtools.crest.model.design.logical.CandidateKey">
<identifier id="46385F35-0801-7DD9-F341-797716051D12" name="PROPERTY PK">
<createdBy>hussainabuwala</createdBy>
<createdTime>2017-05-07 06:44:24 UTC</createdTime>
<ownerDesignName>assignment2_logical_model</ownerDesignName>
<shouldEngineer>false</shouldEngineer>
<engineerTo>
<item key="ECEBD248-99A8-25E0-DE6A-7C49BAA34EE4" value="false"/>
</engineerTo>
<pk>true</pk>
<usedAttributes>
<attributeRef>49F0EE39-E4EA-F6F5-5A29-A25FAFF10CB8</attributeRef>
</usedAttributes>
</identifier>
</identifiers>
</Entity>