<?xml version = '1.0' encoding = 'UTF-8'?>
<Entity class="oracle.dbtools.crest.model.design.logical.Entity" directorySegmentName="seg_0" id="9CC9B8D4-5251-699A-B9AC-F2178175B3F2" name="INVOICE">
<createdBy>hussainabuwala</createdBy>
<createdTime>2017-05-07 06:24:43 UTC</createdTime>
<ownerDesignName>assignment2_logical_model</ownerDesignName>
<engineerTo>
<item key="96F50D09-1F21-DE88-FB2C-A9BAE3FD7048" value="true"/>
</engineerTo>
<adequatelyNormalized>NO</adequatelyNormalized>
<expectedVolumes>0</expectedVolumes>
<fwdEngineeringStrategyName>Single Table</fwdEngineeringStrategyName>
<growthPercent>0</growthPercent>
<growthType>Year</growthType>
<maxVolumes>9999999</maxVolumes>
<minVolumes>0</minVolumes>
<normalForm>Third</normalForm>
<attributes itemClass="oracle.dbtools.crest.model.design.logical.Attribute">
<Attribute name="invoice_no" id="11BDCFEF-7E54-ECA7-E69C-682FC0D9600E">
<createdBy>hussainabuwala</createdBy>
<createdTime>2017-05-07 06:25:37 UTC</createdTime>
<comment>uniquley identifes each invoice</comment>
<ownerDesignName>assignment2_logical_model</ownerDesignName>
<engineerTo>
<item key="96F50D09-1F21-DE88-FB2C-A9BAE3FD7048" value="true"/>
</engineerTo>
<useDomainConstraints>false</useDomainConstraints>
<use>1</use>
<logicalDatatype>LOGDT019</logicalDatatype>
<dataTypePrecision>7</dataTypePrecision>
<ownDataTypeParameters>,7,</ownDataTypeParameters>
</Attribute>
<Attribute name="qtr_start_date" id="5DC626A6-6CEB-E5A1-BDF3-38F1AA33F219">
<createdBy>hussainabuwala</createdBy>
<createdTime>2017-05-07 06:26:42 UTC</createdTime>
<comment>start date of quarter</comment>
<ownerDesignName>assignment2_logical_model</ownerDesignName>
<engineerTo>
<item key="96F50D09-1F21-DE88-FB2C-A9BAE3FD7048" value="true"/>
</engineerTo>
<constraintName>chk_qtr_start</constraintName>
<useDomainConstraints>false</useDomainConstraints>
<use>1</use>
<logicalDatatype>LOGDT007</logicalDatatype>
<checkConstraint>
<implementationDef dbType="Oracle Database 11g" definition="(qtr_start_date &lt; qtr_end_date)"/>
</checkConstraint>
<ownDataTypeParameters>,,</ownDataTypeParameters>
</Attribute>
<Attribute name="qtr_end_date" id="9492610B-21CE-8839-17AA-B3C672BD9770">
<createdBy>hussainabuwala</createdBy>
<createdTime>2017-05-07 06:27:06 UTC</createdTime>
<comment>end quarter date</comment>
<ownerDesignName>assignment2_logical_model</ownerDesignName>
<engineerTo>
<item key="96F50D09-1F21-DE88-FB2C-A9BAE3FD7048" value="true"/>
</engineerTo>
<useDomainConstraints>false</useDomainConstraints>
<use>1</use>
<logicalDatatype>LOGDT007</logicalDatatype>
<ownDataTypeParameters>,,</ownDataTypeParameters>
</Attribute>
<Attribute name="contract_no" id="34214F00-F270-A606-630E-149A2705135C">
<createdBy>hussainabuwala</createdBy>
<createdTime>2017-05-07 07:15:26 UTC</createdTime>
<comment>This is the primary key. each contract is identified using its contract number.</comment>
<generatorID>EA056071-E496-626B-9E10-802CE5937C09</generatorID>
<ownerDesignName>assignment2_logical_model</ownerDesignName>
<engineerTo>
<item key="96F50D09-1F21-DE88-FB2C-A9BAE3FD7048" value="true"/>
</engineerTo>
<referedAttribute>2DD98154-BDEF-CA46-73B0-6FAADC6164DF</referedAttribute>
<useDomainConstraints>false</useDomainConstraints>
<use>1</use>
<logicalDatatype>LOGDT019</logicalDatatype>
<dataTypePrecision>7</dataTypePrecision>
<ownDataTypeParameters>,7,</ownDataTypeParameters>
</Attribute>
</attributes>
<identifiers itemClass="oracle.dbtools.crest.model.design.logical.CandidateKey">
<identifier id="4DB379F8-939D-A35B-A8D7-C63B774823FE" name="INVOICE PK">
<createdBy>hussainabuwala</createdBy>
<createdTime>2017-05-07 06:26:23 UTC</createdTime>
<ownerDesignName>assignment2_logical_model</ownerDesignName>
<shouldEngineer>false</shouldEngineer>
<engineerTo>
<item key="96F50D09-1F21-DE88-FB2C-A9BAE3FD7048" value="false"/>
</engineerTo>
<pk>true</pk>
<usedAttributes>
<attributeRef>11BDCFEF-7E54-ECA7-E69C-682FC0D9600E</attributeRef>
</usedAttributes>
</identifier>
</identifiers>
</Entity>