<?xml version = '1.0' encoding = 'UTF-8'?>
<Entity class="oracle.dbtools.crest.model.design.logical.Entity" directorySegmentName="seg_0" id="AE42B457-0927-B014-6724-2F0A52DD896C" name="CONTRACT">
<createdBy>hussainabuwala</createdBy>
<createdTime>2017-05-07 06:20:57 UTC</createdTime>
<ownerDesignName>assignment2_logical_model</ownerDesignName>
<engineerTo>
<item key="96F50D09-1F21-DE88-FB2C-A9BAE3FD7048" value="true"/>
</engineerTo>
<adequatelyNormalized>NO</adequatelyNormalized>
<expectedVolumes>0</expectedVolumes>
<fwdEngineeringStrategyName>Single Table</fwdEngineeringStrategyName>
<growthPercent>0</growthPercent>
<growthType>Year</growthType>
<maxVolumes>9999999</maxVolumes>
<minVolumes>0</minVolumes>
<normalForm>Third</normalForm>
<attributes itemClass="oracle.dbtools.crest.model.design.logical.Attribute">
<Attribute name="contract_no" id="2DD98154-BDEF-CA46-73B0-6FAADC6164DF">
<createdBy>hussainabuwala</createdBy>
<createdTime>2017-05-07 06:22:17 UTC</createdTime>
<comment>This is the primary key. each contract is identified using its contract number.</comment>
<ownerDesignName>assignment2_logical_model</ownerDesignName>
<engineerTo>
<item key="96F50D09-1F21-DE88-FB2C-A9BAE3FD7048" value="true"/>
</engineerTo>
<useDomainConstraints>false</useDomainConstraints>
<use>1</use>
<logicalDatatype>LOGDT019</logicalDatatype>
<dataTypePrecision>7</dataTypePrecision>
<ownDataTypeParameters>,7,</ownDataTypeParameters>
</Attribute>
<Attribute name="contract_start_date" id="92A62269-E715-0A1B-0E4E-88491268713B">
<createdBy>hussainabuwala</createdBy>
<createdTime>2017-05-07 06:23:19 UTC</createdTime>
<comment>Start date of the contract</comment>
<ownerDesignName>assignment2_logical_model</ownerDesignName>
<engineerTo>
<item key="96F50D09-1F21-DE88-FB2C-A9BAE3FD7048" value="true"/>
</engineerTo>
<constraintName>chk_strt_date</constraintName>
<useDomainConstraints>false</useDomainConstraints>
<use>1</use>
<logicalDatatype>LOGDT007</logicalDatatype>
<checkConstraint>
<implementationDef dbType="Oracle Database 11g" definition="(contract_start_date &lt; contract_end_date)"/>
</checkConstraint>
<ownDataTypeParameters>,,</ownDataTypeParameters>
</Attribute>
<Attribute name="contract_end_date" id="B1367B97-6242-5F64-A027-1C6FDFB43101">
<createdBy>hussainabuwala</createdBy>
<createdTime>2017-05-07 06:24:04 UTC</createdTime>
<comment>end date of contract</comment>
<ownerDesignName>assignment2_logical_model</ownerDesignName>
<engineerTo>
<item key="96F50D09-1F21-DE88-FB2C-A9BAE3FD7048" value="true"/>
</engineerTo>
<useDomainConstraints>false</useDomainConstraints>
<use>1</use>
<logicalDatatype>LOGDT007</logicalDatatype>
<ownDataTypeParameters>,,</ownDataTypeParameters>
</Attribute>
<Attribute name="council_name" id="347CECDE-699E-B5CD-1536-41AA55CB6BE7">
<createdBy>hussainabuwala</createdBy>
<createdTime>2017-05-07 07:09:27 UTC</createdTime>
<comment>This is the name of the council</comment>
<generatorID>618AB2C3-2735-6A48-641F-911E5159652C</generatorID>
<ownerDesignName>assignment2_logical_model</ownerDesignName>
<engineerTo>
<item key="96F50D09-1F21-DE88-FB2C-A9BAE3FD7048" value="true"/>
</engineerTo>
<referedAttribute>ADE72965-2301-A1B3-C250-678430B558D2</referedAttribute>
<useDomainConstraints>false</useDomainConstraints>
<use>1</use>
<logicalDatatype>LOGDT024</logicalDatatype>
<dataTypeSize>50</dataTypeSize>
<ownDataTypeParameters>50,,</ownDataTypeParameters>
</Attribute>
</attributes>
<identifiers itemClass="oracle.dbtools.crest.model.design.logical.CandidateKey">
<identifier id="333504E8-1FFB-B9D9-4F85-E98156BE3BF0" name="CONTRACT PK">
<createdBy>hussainabuwala</createdBy>
<createdTime>2017-05-07 06:22:35 UTC</createdTime>
<ownerDesignName>assignment2_logical_model</ownerDesignName>
<shouldEngineer>false</shouldEngineer>
<engineerTo>
<item key="96F50D09-1F21-DE88-FB2C-A9BAE3FD7048" value="false"/>
</engineerTo>
<pk>true</pk>
<usedAttributes>
<attributeRef>2DD98154-BDEF-CA46-73B0-6FAADC6164DF</attributeRef>
</usedAttributes>
</identifier>
</identifiers>
</Entity>