<?xml version = '1.0' encoding = 'UTF-8'?>
<Entity class="oracle.dbtools.crest.model.design.logical.Entity" directorySegmentName="seg_0" id="B2F4637C-0715-F7A4-7BE6-BE8788003893" name="TRUCK">
<createdBy>hussainabuwala</createdBy>
<createdTime>2017-05-07 06:52:20 UTC</createdTime>
<ownerDesignName>assignment2_logical_model</ownerDesignName>
<engineerTo>
<item key="96F50D09-1F21-DE88-FB2C-A9BAE3FD7048" value="true"/>
</engineerTo>
<adequatelyNormalized>NO</adequatelyNormalized>
<expectedVolumes>0</expectedVolumes>
<fwdEngineeringStrategyName>Single Table</fwdEngineeringStrategyName>
<growthPercent>0</growthPercent>
<growthType>Year</growthType>
<maxVolumes>9999999</maxVolumes>
<minVolumes>0</minVolumes>
<normalForm>Third</normalForm>
<attributes itemClass="oracle.dbtools.crest.model.design.logical.Attribute">
<Attribute name="tvi_no" id="611F952C-1350-FA9C-C065-091B25A70B82">
<createdBy>hussainabuwala</createdBy>
<createdTime>2017-05-07 06:52:32 UTC</createdTime>
<comment>this uniquely identifies a truck</comment>
<ownerDesignName>assignment2_logical_model</ownerDesignName>
<engineerTo>
<item key="96F50D09-1F21-DE88-FB2C-A9BAE3FD7048" value="true"/>
</engineerTo>
<useDomainConstraints>false</useDomainConstraints>
<use>1</use>
<logicalDatatype>LOGDT019</logicalDatatype>
<dataTypePrecision>7</dataTypePrecision>
<ownDataTypeParameters>,7,</ownDataTypeParameters>
</Attribute>
<Attribute name="registration_no" id="D8DDB7F5-AD87-2529-E437-D8C0E9062C65">
<createdBy>hussainabuwala</createdBy>
<createdTime>2017-05-07 06:52:54 UTC</createdTime>
<comment>registration number of the truck</comment>
<ownerDesignName>assignment2_logical_model</ownerDesignName>
<engineerTo>
<item key="96F50D09-1F21-DE88-FB2C-A9BAE3FD7048" value="true"/>
</engineerTo>
<useDomainConstraints>false</useDomainConstraints>
<use>1</use>
<logicalDatatype>LOGDT019</logicalDatatype>
<dataTypePrecision>7</dataTypePrecision>
<ownDataTypeParameters>,7,</ownDataTypeParameters>
</Attribute>
<Attribute name="make" id="C08310CF-2F70-75A7-6E44-D932F00A6606">
<createdBy>hussainabuwala</createdBy>
<createdTime>2017-05-07 06:53:28 UTC</createdTime>
<comment>made in which country</comment>
<ownerDesignName>assignment2_logical_model</ownerDesignName>
<engineerTo>
<item key="96F50D09-1F21-DE88-FB2C-A9BAE3FD7048" value="true"/>
</engineerTo>
<useDomainConstraints>false</useDomainConstraints>
<use>1</use>
<logicalDatatype>LOGDT024</logicalDatatype>
<dataTypeSize>50</dataTypeSize>
<ownDataTypeParameters>50,,</ownDataTypeParameters>
</Attribute>
<Attribute name="model" id="78571617-C17D-FAD7-F4CC-9C09267A2859">
<createdBy>hussainabuwala</createdBy>
<createdTime>2017-05-07 06:53:55 UTC</createdTime>
<comment>which model</comment>
<ownerDesignName>assignment2_logical_model</ownerDesignName>
<engineerTo>
<item key="96F50D09-1F21-DE88-FB2C-A9BAE3FD7048" value="true"/>
</engineerTo>
<useDomainConstraints>false</useDomainConstraints>
<use>1</use>
<logicalDatatype>LOGDT024</logicalDatatype>
<dataTypeSize>50</dataTypeSize>
<ownDataTypeParameters>50,,</ownDataTypeParameters>
</Attribute>
<Attribute name="year" id="0A19FA96-F716-111F-0362-0549BD03892A">
<createdBy>hussainabuwala</createdBy>
<createdTime>2017-05-07 06:54:19 UTC</createdTime>
<comment>which year was thic car made</comment>
<ownerDesignName>assignment2_logical_model</ownerDesignName>
<engineerTo>
<item key="96F50D09-1F21-DE88-FB2C-A9BAE3FD7048" value="true"/>
</engineerTo>
<useDomainConstraints>false</useDomainConstraints>
<use>1</use>
<logicalDatatype>LOGDT019</logicalDatatype>
<dataTypePrecision>7</dataTypePrecision>
<ownDataTypeParameters>,7,</ownDataTypeParameters>
</Attribute>
<Attribute name="current_avaibility" id="F09968D5-415D-40FC-86A1-636E0A782193">
<createdBy>hussainabuwala</createdBy>
<createdTime>2017-05-07 06:55:00 UTC</createdTime>
<comment>is the car available or not</comment>
<ownerDesignName>assignment2_logical_model</ownerDesignName>
<engineerTo>
<item key="96F50D09-1F21-DE88-FB2C-A9BAE3FD7048" value="true"/>
</engineerTo>
<constraintName>chk_avaibility</constraintName>
<useDomainConstraints>false</useDomainConstraints>
<use>1</use>
<logicalDatatype>LOGDT024</logicalDatatype>
<dataTypeSize>50</dataTypeSize>
<checkConstraint>
<implementationDef dbType="Oracle Database 11g" definition="(current_avaibility = &apos;Y&apos; OR current_avaibility = &apos;N&apos;)"/>
</checkConstraint>
<ownDataTypeParameters>50,,</ownDataTypeParameters>
</Attribute>
</attributes>
<identifiers itemClass="oracle.dbtools.crest.model.design.logical.CandidateKey">
<identifier id="9DAB2502-CD13-90C8-019F-2C06F5AE31C6" name="TRUCK PK">
<createdBy>hussainabuwala</createdBy>
<createdTime>2017-05-07 06:52:41 UTC</createdTime>
<ownerDesignName>assignment2_logical_model</ownerDesignName>
<shouldEngineer>false</shouldEngineer>
<engineerTo>
<item key="96F50D09-1F21-DE88-FB2C-A9BAE3FD7048" value="false"/>
</engineerTo>
<pk>true</pk>
<usedAttributes>
<attributeRef>611F952C-1350-FA9C-C065-091B25A70B82</attributeRef>
</usedAttributes>
</identifier>
</identifiers>
</Entity>