<?xml version = '1.0' encoding = 'UTF-8'?>
<Entity class="oracle.dbtools.crest.model.design.logical.Entity" directorySegmentName="seg_0" id="F535DED8-9A47-3BB1-0DA1-84E8F6702200" name="DRIVER">
<createdBy>hussainabuwala</createdBy>
<createdTime>2017-05-07 06:49:27 UTC</createdTime>
<ownerDesignName>assignment2_logical_model</ownerDesignName>
<engineerTo>
<item key="ECEBD248-99A8-25E0-DE6A-7C49BAA34EE4" value="true"/>
</engineerTo>
<adequatelyNormalized>NO</adequatelyNormalized>
<expectedVolumes>0</expectedVolumes>
<fwdEngineeringStrategyName>Single Table</fwdEngineeringStrategyName>
<growthPercent>0</growthPercent>
<growthType>Year</growthType>
<maxVolumes>9999999</maxVolumes>
<minVolumes>0</minVolumes>
<normalForm>Third</normalForm>
<attributes itemClass="oracle.dbtools.crest.model.design.logical.Attribute">
<Attribute name="license_no" id="BD298132-F826-FF18-DB23-B693CFE2ACB5">
<createdBy>hussainabuwala</createdBy>
<createdTime>2017-05-07 06:49:35 UTC</createdTime>
<comment>this uniquely identifies a specific driver</comment>
<ownerDesignName>assignment2_logical_model</ownerDesignName>
<engineerTo>
<item key="ECEBD248-99A8-25E0-DE6A-7C49BAA34EE4" value="true"/>
</engineerTo>
<useDomainConstraints>false</useDomainConstraints>
<use>1</use>
<logicalDatatype>LOGDT019</logicalDatatype>
<dataTypePrecision>7</dataTypePrecision>
<ownDataTypeParameters>,7,</ownDataTypeParameters>
</Attribute>
<Attribute name="driver_name" id="0A77F201-5661-8ED7-BA8E-92EF9CD76F71">
<createdBy>hussainabuwala</createdBy>
<createdTime>2017-05-07 06:50:10 UTC</createdTime>
<comment>name of the driver</comment>
<ownerDesignName>assignment2_logical_model</ownerDesignName>
<engineerTo>
<item key="ECEBD248-99A8-25E0-DE6A-7C49BAA34EE4" value="true"/>
</engineerTo>
<useDomainConstraints>false</useDomainConstraints>
<use>1</use>
<logicalDatatype>LOGDT024</logicalDatatype>
<dataTypeSize>50</dataTypeSize>
<ownDataTypeParameters>50,,</ownDataTypeParameters>
</Attribute>
<Attribute name="date_of_birth" id="392389A6-5D14-7474-D819-5019CCBF2F21">
<createdBy>hussainabuwala</createdBy>
<createdTime>2017-05-07 06:50:25 UTC</createdTime>
<comment>when the driver is born</comment>
<ownerDesignName>assignment2_logical_model</ownerDesignName>
<engineerTo>
<item key="ECEBD248-99A8-25E0-DE6A-7C49BAA34EE4" value="true"/>
</engineerTo>
<useDomainConstraints>false</useDomainConstraints>
<use>1</use>
<logicalDatatype>LOGDT007</logicalDatatype>
<ownDataTypeParameters>,,</ownDataTypeParameters>
</Attribute>
<Attribute name="tax_file_number" id="2D924C75-AF0E-2F9E-60D7-D57D79C8E48D">
<createdBy>hussainabuwala</createdBy>
<createdTime>2017-05-07 06:50:54 UTC</createdTime>
<comment>tax file number</comment>
<ownerDesignName>assignment2_logical_model</ownerDesignName>
<engineerTo>
<item key="ECEBD248-99A8-25E0-DE6A-7C49BAA34EE4" value="true"/>
</engineerTo>
<useDomainConstraints>false</useDomainConstraints>
<use>1</use>
<logicalDatatype>LOGDT019</logicalDatatype>
<dataTypePrecision>7</dataTypePrecision>
<ownDataTypeParameters>,7,</ownDataTypeParameters>
</Attribute>
<Attribute name="home_address" id="A90717D6-A7CB-F6BE-C573-2B536C1564DF">
<createdBy>hussainabuwala</createdBy>
<createdTime>2017-05-07 06:51:25 UTC</createdTime>
<comment>address of the driver</comment>
<ownerDesignName>assignment2_logical_model</ownerDesignName>
<engineerTo>
<item key="ECEBD248-99A8-25E0-DE6A-7C49BAA34EE4" value="true"/>
</engineerTo>
<useDomainConstraints>false</useDomainConstraints>
<use>1</use>
<logicalDatatype>LOGDT024</logicalDatatype>
<dataTypeSize>50</dataTypeSize>
<ownDataTypeParameters>50,,</ownDataTypeParameters>
</Attribute>
</attributes>
<identifiers itemClass="oracle.dbtools.crest.model.design.logical.CandidateKey">
<identifier id="FAE45070-08A5-3C1F-79A0-3C4CCDE0FEB2" name="DRIVER PK">
<createdBy>hussainabuwala</createdBy>
<createdTime>2017-05-07 06:49:49 UTC</createdTime>
<ownerDesignName>assignment2_logical_model</ownerDesignName>
<shouldEngineer>false</shouldEngineer>
<engineerTo>
<item key="ECEBD248-99A8-25E0-DE6A-7C49BAA34EE4" value="false"/>
</engineerTo>
<pk>true</pk>
<usedAttributes>
<attributeRef>BD298132-F826-FF18-DB23-B693CFE2ACB5</attributeRef>
</usedAttributes>
</identifier>
</identifiers>
</Entity>