<?xml version = '1.0' encoding = 'UTF-8'?>
<Entity class="oracle.dbtools.crest.model.design.logical.Entity" directorySegmentName="seg_0" id="F69D0697-2811-0ACE-D48A-26B7DC402128" name="COUNCIL">
<createdBy>hussainabuwala</createdBy>
<createdTime>2017-05-07 06:16:15 UTC</createdTime>
<ownerDesignName>assignment2_logical_model</ownerDesignName>
<engineerTo>
<item key="ECEBD248-99A8-25E0-DE6A-7C49BAA34EE4" value="true"/>
</engineerTo>
<adequatelyNormalized>NO</adequatelyNormalized>
<expectedVolumes>0</expectedVolumes>
<fwdEngineeringStrategyName>Single Table</fwdEngineeringStrategyName>
<growthPercent>0</growthPercent>
<growthType>Year</growthType>
<maxVolumes>9999999</maxVolumes>
<minVolumes>0</minVolumes>
<normalForm>Third</normalForm>
<attributes itemClass="oracle.dbtools.crest.model.design.logical.Attribute">
<Attribute name="council_name" id="ADE72965-2301-A1B3-C250-678430B558D2">
<createdBy>hussainabuwala</createdBy>
<createdTime>2017-05-07 06:19:49 UTC</createdTime>
<comment>This is the name of the council</comment>
<ownerDesignName>assignment2_logical_model</ownerDesignName>
<engineerTo>
<item key="ECEBD248-99A8-25E0-DE6A-7C49BAA34EE4" value="true"/>
</engineerTo>
<useDomainConstraints>false</useDomainConstraints>
<use>1</use>
<logicalDatatype>LOGDT024</logicalDatatype>
<dataTypeSize>50</dataTypeSize>
<ownDataTypeParameters>50,,</ownDataTypeParameters>
</Attribute>
</attributes>
<identifiers itemClass="oracle.dbtools.crest.model.design.logical.CandidateKey">
<identifier id="AFC8CC99-C1DD-2ADA-458E-0835A7E0D314" name="COUNCIL PK">
<createdBy>hussainabuwala</createdBy>
<createdTime>2017-05-07 06:20:00 UTC</createdTime>
<ownerDesignName>assignment2_logical_model</ownerDesignName>
<shouldEngineer>false</shouldEngineer>
<engineerTo>
<item key="ECEBD248-99A8-25E0-DE6A-7C49BAA34EE4" value="false"/>
</engineerTo>
<pk>true</pk>
<usedAttributes>
<attributeRef>ADE72965-2301-A1B3-C250-678430B558D2</attributeRef>
</usedAttributes>
</identifier>
</identifiers>
</Entity>